/*!40101 SET @OLD_CHARACTER_SET_CLIENT=@@CHARACTER_SET_CLIENT */;
/*!40101 SET NAMES utf8 */;
/*!50503 SET NAMES utf8mb4 */;
/*!40014 SET @OLD_FOREIGN_KEY_CHECKS=@@FOREIGN_KEY_CHECKS, FOREIGN_KEY_CHECKS=0 */;
/*!40101 SET @OLD_SQL_MODE=@@SQL_MODE, SQL_MODE='NO_AUTO_VALUE_ON_ZERO' */;
/*!40111 SET @OLD_SQL_NOTES=@@SQL_NOTES, SQL_NOTES=0 */;

CREATE DATABASE IF NOT EXISTS `aplikacija` /*!40100 DEFAULT CHARACTER SET utf8 COLLATE utf8_unicode_ci */ /*!80016 DEFAULT ENCRYPTION='N' */;
USE `aplikacija`;

CREATE TABLE IF NOT EXISTS `administrator` (
  `administrator_id` int unsigned NOT NULL AUTO_INCREMENT,
  `username` varchar(32) COLLATE utf8_unicode_ci NOT NULL DEFAULT '0',
  `password_hash` varchar(128) CHARACTER SET utf8 COLLATE utf8_unicode_ci NOT NULL DEFAULT '0',
  PRIMARY KEY (`administrator_id`),
  UNIQUE KEY `uq_administrator_username` (`username`)
) ENGINE=InnoDB AUTO_INCREMENT=9 DEFAULT CHARSET=utf8mb3 COLLATE=utf8_unicode_ci;

DELETE FROM `administrator`;
/*!40000 ALTER TABLE `administrator` DISABLE KEYS */;
INSERT INTO `administrator` (`administrator_id`, `username`, `password_hash`) VALUES
	(1, 'adoadnan', 'C1B492C75133F9E66711A895EF0665F040145108BE45810E994422DD7BBA6ABF448D0DF4D6272A1C60AF318751E0D9DE1804C104A4285EED20B30CCB83BF5092'),
	(3, 'adodado', '9DAF3867E5267BCDE4D6F9973601015DB3E459D493CB6AD00B51F97C9BBC09D74C111C89BD74D504A1D71832386BBF2CE6AE4D523FD97D208C62A8E08AF4889F'),
	(5, 'admin', 'C7AD44CBAD762A5DA0A452F9E854FDC1E0E7A52A38015F23F3EAB1D80B931DD472634DFAC71CD34EBC35D16AB7FB8A90C81F975113D6C7538DC69DD8DE9077EC');
/*!40000 ALTER TABLE `administrator` ENABLE KEYS */;

CREATE TABLE IF NOT EXISTS `administrator_token` (
  `administrator_token_id` int unsigned NOT NULL AUTO_INCREMENT,
  `administrator_id` int unsigned NOT NULL,
  `created_at` timestamp NOT NULL DEFAULT CURRENT_TIMESTAMP,
  `token` text COLLATE utf8_unicode_ci NOT NULL,
  `expires_at` datetime NOT NULL,
  `is_valid` tinyint unsigned NOT NULL DEFAULT '1',
  PRIMARY KEY (`administrator_token_id`),
  KEY `fk_administrator_token_administrator_id` (`administrator_id`),
  CONSTRAINT `fk_administrator_token_administrator_id` FOREIGN KEY (`administrator_id`) REFERENCES `administrator` (`administrator_id`) ON DELETE RESTRICT ON UPDATE CASCADE
) ENGINE=InnoDB DEFAULT CHARSET=utf8mb3 COLLATE=utf8_unicode_ci;

DELETE FROM `administrator_token`;
/*!40000 ALTER TABLE `administrator_token` DISABLE KEYS */;
/*!40000 ALTER TABLE `administrator_token` ENABLE KEYS */;

CREATE TABLE IF NOT EXISTS `article` (
  `article_id` int unsigned NOT NULL AUTO_INCREMENT,
  `name` varchar(128) COLLATE utf8_unicode_ci NOT NULL DEFAULT '0',
  `category_id` int unsigned NOT NULL DEFAULT '0',
  `excerpt` varchar(255) COLLATE utf8_unicode_ci NOT NULL DEFAULT '0',
  `description` text COLLATE utf8_unicode_ci NOT NULL,
  `status` enum('available','visible','hidden') COLLATE utf8_unicode_ci NOT NULL DEFAULT 'available',
  `is_promoted` tinyint unsigned NOT NULL DEFAULT '0',
  `created_at` timestamp NOT NULL DEFAULT CURRENT_TIMESTAMP,
  PRIMARY KEY (`article_id`) USING BTREE,
  KEY `fk_article_category_id` (`category_id`),
  CONSTRAINT `fk_article_category_id` FOREIGN KEY (`category_id`) REFERENCES `category` (`category_id`) ON UPDATE CASCADE
) ENGINE=InnoDB AUTO_INCREMENT=29 DEFAULT CHARSET=utf8mb3 COLLATE=utf8_unicode_ci;

DELETE FROM `article`;
/*!40000 ALTER TABLE `article` DISABLE KEYS */;
INSERT INTO `article` (`article_id`, `name`, `category_id`, `excerpt`, `description`, `status`, `is_promoted`, `created_at`) VALUES
	(1, 'Kingston 1TB', 5, 'Neki kratak tekst...', 'Neki malo duzi tekst o proizvodu', 'visible', 1, '2022-02-18 23:32:47'),
	(2, 'Acme HDD11 1TB', 5, 'Neki kratak tekst...', 'Neki malo duzi tekst o proizvodu', 'visible', 1, '2022-02-21 16:34:14'),
	(25, 'ACME HD11 1T', 5, 'Neki kratak tekst...', 'Neki malo duzi tekst o proizvodu', 'visible', 0, '2022-03-01 19:07:21'),
	(26, 'ACME HD11 1T', 5, 'Neki kratak tekst...', 'Neki malo duzi tekst o proizvodu', 'visible', 0, '2022-03-01 19:31:08'),
	(27, 'ACME sssHD11 1T', 5, 'Neki kratak tekst...', 'Neki malo duzi tekst o proizvodu', 'available', 0, '2022-03-02 11:33:36'),
	(28, 'ACME sssHD11 1T', 5, 'Neki kratak tekst...', 'Neki malo duzi tekst o proizvodu', 'available', 0, '2022-03-02 14:04:24');
/*!40000 ALTER TABLE `article` ENABLE KEYS */;

CREATE TABLE IF NOT EXISTS `article_feature` (
  `article_feature_id` int unsigned NOT NULL AUTO_INCREMENT,
  `article_id` int unsigned NOT NULL DEFAULT '0',
  `feature_id` int unsigned NOT NULL DEFAULT '0',
  `value` varchar(255) COLLATE utf8_unicode_ci NOT NULL DEFAULT '0',
  PRIMARY KEY (`article_feature_id`),
  UNIQUE KEY `uq_article_feature_article_id_feature_id` (`article_id`,`feature_id`),
  KEY `fk_article_feature_feature_id` (`feature_id`),
  CONSTRAINT `fk_article_feature_article_id` FOREIGN KEY (`article_id`) REFERENCES `article` (`article_id`) ON UPDATE CASCADE,
  CONSTRAINT `fk_article_feature_feature_id` FOREIGN KEY (`feature_id`) REFERENCES `feature` (`feature_id`) ON UPDATE CASCADE
) ENGINE=InnoDB AUTO_INCREMENT=26 DEFAULT CHARSET=utf8mb3 COLLATE=utf8_unicode_ci;

DELETE FROM `article_feature`;
/*!40000 ALTER TABLE `article_feature` DISABLE KEYS */;
INSERT INTO `article_feature` (`article_feature_id`, `article_id`, `feature_id`, `value`) VALUES
	(16, 25, 1, '1TB'),
	(17, 25, 3, 'SSD'),
	(18, 26, 1, '1TB'),
	(19, 26, 3, 'SSD'),
	(20, 27, 1, '1TB'),
	(21, 27, 3, 'SSD'),
	(22, 28, 1, '1TB'),
	(23, 28, 3, 'SSD'),
	(24, 1, 1, '1024GB'),
	(25, 1, 2, 'SATA 3.0');
/*!40000 ALTER TABLE `article_feature` ENABLE KEYS */;

CREATE TABLE IF NOT EXISTS `article_price` (
  `article_price_id` int unsigned NOT NULL AUTO_INCREMENT,
  `article_id` int unsigned NOT NULL DEFAULT '0',
  `price` decimal(10,2) unsigned NOT NULL DEFAULT '0.00',
  `created_at` timestamp NOT NULL DEFAULT CURRENT_TIMESTAMP,
  PRIMARY KEY (`article_price_id`),
  KEY `fk_article_price_article_id` (`article_id`),
  CONSTRAINT `fk_article_price_article_id` FOREIGN KEY (`article_id`) REFERENCES `article` (`article_id`) ON DELETE RESTRICT ON UPDATE CASCADE
) ENGINE=InnoDB AUTO_INCREMENT=30 DEFAULT CHARSET=utf8mb3 COLLATE=utf8_unicode_ci;

DELETE FROM `article_price`;
/*!40000 ALTER TABLE `article_price` DISABLE KEYS */;
INSERT INTO `article_price` (`article_price_id`, `article_id`, `price`, `created_at`) VALUES
	(1, 1, 45.00, '2022-02-19 16:42:11'),
	(2, 1, 43.50, '2022-02-19 16:42:31'),
	(21, 2, 57.10, '2022-02-28 15:24:01'),
	(22, 1, 57.10, '2022-02-28 15:27:22'),
	(23, 2, 57.10, '2022-02-28 15:28:43'),
	(24, 1, 57.20, '2022-02-28 15:31:17'),
	(25, 25, 56.80, '2022-03-01 19:07:21'),
	(26, 26, 56.80, '2022-03-01 19:31:08'),
	(27, 27, 56.80, '2022-03-02 11:33:36'),
	(28, 28, 56.80, '2022-03-02 14:04:24'),
	(29, 1, 59.20, '2022-03-07 01:51:20');
/*!40000 ALTER TABLE `article_price` ENABLE KEYS */;

CREATE TABLE IF NOT EXISTS `cart` (
  `cart_id` int unsigned NOT NULL AUTO_INCREMENT,
  `user_id` int unsigned NOT NULL DEFAULT '0',
  `created_at` timestamp NOT NULL DEFAULT CURRENT_TIMESTAMP,
  PRIMARY KEY (`cart_id`),
  KEY `fk_cart_user_id` (`user_id`),
  CONSTRAINT `fk_cart_user_id` FOREIGN KEY (`user_id`) REFERENCES `user` (`user_id`) ON DELETE RESTRICT ON UPDATE CASCADE
) ENGINE=InnoDB AUTO_INCREMENT=25 DEFAULT CHARSET=utf8mb3 COLLATE=utf8_unicode_ci;

DELETE FROM `cart`;
/*!40000 ALTER TABLE `cart` DISABLE KEYS */;
INSERT INTO `cart` (`cart_id`, `user_id`, `created_at`) VALUES
	(1, 1, '2022-03-02 14:05:27'),
	(2, 1, '2022-03-02 14:26:54'),
	(3, 1, '2022-03-03 16:26:09'),
	(4, 1, '2022-03-03 16:27:40'),
	(5, 1, '2022-03-03 16:28:14'),
	(6, 1, '2022-03-03 16:35:11'),
	(7, 1, '2022-03-03 16:41:04'),
	(8, 1, '2022-03-07 13:34:58'),
	(9, 1, '2022-03-07 13:38:05'),
	(10, 1, '2022-03-07 15:50:00'),
	(11, 1, '2022-03-07 15:54:05'),
	(12, 1, '2022-03-07 15:57:01'),
	(13, 1, '2022-03-07 16:09:33'),
	(14, 1, '2022-03-07 16:17:01'),
	(15, 1, '2022-03-07 16:25:34'),
	(16, 1, '2022-03-07 16:27:19'),
	(17, 1, '2022-03-07 16:29:40'),
	(18, 1, '2022-03-07 16:30:47'),
	(19, 1, '2022-03-07 16:34:04'),
	(20, 1, '2022-03-07 16:34:52'),
	(21, 1, '2022-03-07 16:38:16'),
	(22, 1, '2022-03-09 21:20:28'),
	(23, 1, '2022-03-09 21:32:52'),
	(24, 1, '2022-03-18 21:38:39');
/*!40000 ALTER TABLE `cart` ENABLE KEYS */;

CREATE TABLE IF NOT EXISTS `cart_article` (
  `cart_article_id` int unsigned NOT NULL AUTO_INCREMENT,
  `cart_id` int unsigned NOT NULL DEFAULT '0',
  `article_id` int unsigned NOT NULL DEFAULT '0',
  `quantity` int unsigned NOT NULL DEFAULT '0',
  PRIMARY KEY (`cart_article_id`),
  UNIQUE KEY `uq_cart_article_cart_id_article_id` (`cart_id`,`article_id`),
  KEY `FK_cart_article_article` (`article_id`),
  CONSTRAINT `FK_cart_article_article` FOREIGN KEY (`article_id`) REFERENCES `article` (`article_id`) ON DELETE RESTRICT ON UPDATE CASCADE,
  CONSTRAINT `fk_cart_article_cart_id` FOREIGN KEY (`cart_id`) REFERENCES `cart` (`cart_id`) ON DELETE RESTRICT ON UPDATE CASCADE
) ENGINE=InnoDB AUTO_INCREMENT=26 DEFAULT CHARSET=utf8mb3 COLLATE=utf8_unicode_ci;

DELETE FROM `cart_article`;
/*!40000 ALTER TABLE `cart_article` DISABLE KEYS */;
INSERT INTO `cart_article` (`cart_article_id`, `cart_id`, `article_id`, `quantity`) VALUES
	(2, 1, 1, 8),
	(3, 1, 2, 8),
	(6, 6, 2, 2),
	(7, 7, 1, 1),
	(9, 8, 1, 2),
	(11, 9, 1, 3),
	(12, 10, 1, 2),
	(13, 11, 1, 2),
	(14, 12, 1, 4),
	(15, 13, 1, 2),
	(16, 14, 1, 2),
	(17, 15, 1, 2),
	(18, 16, 1, 2),
	(19, 17, 1, 2),
	(20, 18, 1, 2),
	(21, 19, 1, 2),
	(22, 20, 1, 2),
	(23, 21, 1, 2),
	(24, 22, 1, 2),
	(25, 23, 1, 2);
/*!40000 ALTER TABLE `cart_article` ENABLE KEYS */;

CREATE TABLE IF NOT EXISTS `category` (
  `category_id` int unsigned NOT NULL AUTO_INCREMENT,
  `name` varchar(32) COLLATE utf8_unicode_ci NOT NULL DEFAULT '0',
  `image_path` varchar(128) COLLATE utf8_unicode_ci NOT NULL DEFAULT '0',
  `parent__category_id` int unsigned DEFAULT NULL,
  PRIMARY KEY (`category_id`),
  UNIQUE KEY `uq_category_name` (`name`),
  UNIQUE KEY `uq_category_image_path` (`image_path`),
  KEY `fk_category_parent__category_id` (`parent__category_id`),
  CONSTRAINT `fk_category_parent__category_id` FOREIGN KEY (`parent__category_id`) REFERENCES `category` (`category_id`) ON DELETE RESTRICT ON UPDATE CASCADE
) ENGINE=InnoDB AUTO_INCREMENT=6 DEFAULT CHARSET=utf8mb3 COLLATE=utf8_unicode_ci;

DELETE FROM `category`;
/*!40000 ALTER TABLE `category` DISABLE KEYS */;
INSERT INTO `category` (`category_id`, `name`, `image_path`, `parent__category_id`) VALUES
	(1, 'Računarske komponente', 'assets/pc.jpg', NULL),
	(2, 'Kućna elektronika', 'assets/home.jpg', NULL),
	(3, 'Laptop računari', 'assets/pc/laptop.jpg', 1),
	(4, 'Memorijski mediji', 'assets/pc/memory.jpg', 1),
	(5, 'Hard diskovi', 'assets/hdds.jpg', 4);
/*!40000 ALTER TABLE `category` ENABLE KEYS */;

CREATE TABLE IF NOT EXISTS `feature` (
  `feature_id` int unsigned NOT NULL AUTO_INCREMENT,
  `name` varchar(32) COLLATE utf8_unicode_ci NOT NULL DEFAULT '0',
  `category_id` int unsigned NOT NULL DEFAULT '0',
  PRIMARY KEY (`feature_id`) USING BTREE,
  UNIQUE KEY `uq_feature_name_category_id` (`name`,`category_id`),
  KEY `fk_feature_category_id` (`category_id`),
  CONSTRAINT `fk_feature_category_id` FOREIGN KEY (`category_id`) REFERENCES `category` (`category_id`) ON DELETE RESTRICT ON UPDATE CASCADE
) ENGINE=InnoDB AUTO_INCREMENT=9 DEFAULT CHARSET=utf8mb3 COLLATE=utf8_unicode_ci;

DELETE FROM `feature`;
/*!40000 ALTER TABLE `feature` DISABLE KEYS */;
INSERT INTO `feature` (`feature_id`, `name`, `category_id`) VALUES
	(1, 'Kapacitet', 5),
	(2, 'Napon', 5),
	(8, 'Proizvođač', 3),
	(4, 'Radni napon', 2),
	(3, 'Tehnologija', 5);
/*!40000 ALTER TABLE `feature` ENABLE KEYS */;

CREATE TABLE IF NOT EXISTS `order` (
  `order_id` int unsigned NOT NULL AUTO_INCREMENT,
  `created_at` timestamp NOT NULL DEFAULT CURRENT_TIMESTAMP,
  `cart_id` int unsigned NOT NULL DEFAULT '0',
  `status` enum('rejected','accepted','shipped','pending') COLLATE utf8_unicode_ci NOT NULL DEFAULT 'pending',
  PRIMARY KEY (`order_id`),
  UNIQUE KEY `uq_order_cart_id` (`cart_id`) USING BTREE,
  CONSTRAINT `fk_order_cart_id` FOREIGN KEY (`cart_id`) REFERENCES `cart` (`cart_id`) ON DELETE RESTRICT ON UPDATE CASCADE
) ENGINE=InnoDB AUTO_INCREMENT=26 DEFAULT CHARSET=utf8mb3 COLLATE=utf8_unicode_ci;

DELETE FROM `order`;
/*!40000 ALTER TABLE `order` DISABLE KEYS */;
INSERT INTO `order` (`order_id`, `created_at`, `cart_id`, `status`) VALUES
	(1, '2022-03-02 14:26:36', 1, 'shipped'),
	(8, '2022-03-03 16:39:41', 6, 'pending'),
	(9, '2022-03-03 16:41:18', 7, 'pending'),
	(10, '2022-03-07 13:37:50', 8, 'pending'),
	(11, '2022-03-07 13:41:06', 9, 'pending'),
	(12, '2022-03-07 15:50:45', 10, 'pending'),
	(13, '2022-03-07 15:54:26', 11, 'pending'),
	(14, '2022-03-07 16:08:13', 12, 'pending'),
	(15, '2022-03-07 16:09:40', 13, 'pending'),
	(16, '2022-03-07 16:17:05', 14, 'pending'),
	(17, '2022-03-07 16:25:37', 15, 'pending'),
	(18, '2022-03-07 16:27:22', 16, 'pending'),
	(19, '2022-03-07 16:29:43', 17, 'pending'),
	(20, '2022-03-07 16:30:55', 18, 'pending'),
	(21, '2022-03-07 16:34:07', 19, 'pending'),
	(22, '2022-03-07 16:34:55', 20, 'pending'),
	(23, '2022-03-07 16:38:19', 21, 'rejected'),
	(24, '2022-03-09 21:21:29', 22, 'pending'),
	(25, '2022-03-09 21:32:55', 23, 'pending');
/*!40000 ALTER TABLE `order` ENABLE KEYS */;

CREATE TABLE IF NOT EXISTS `photo` (
  `photo_id` int unsigned NOT NULL AUTO_INCREMENT,
  `article_id` int unsigned NOT NULL DEFAULT '0',
  `image_path` varchar(128) COLLATE utf8_unicode_ci NOT NULL DEFAULT '0',
  PRIMARY KEY (`photo_id`),
  UNIQUE KEY `uq_photo_image_path` (`image_path`),
  KEY `fk_photo_article_id` (`article_id`),
  CONSTRAINT `fk_photo_article_id` FOREIGN KEY (`article_id`) REFERENCES `article` (`article_id`) ON DELETE RESTRICT ON UPDATE CASCADE
) ENGINE=InnoDB AUTO_INCREMENT=14 DEFAULT CHARSET=utf8mb3 COLLATE=utf8_unicode_ci;

DELETE FROM `photo`;
/*!40000 ALTER TABLE `photo` DISABLE KEYS */;
INSERT INTO `photo` (`photo_id`, `article_id`, `image_path`) VALUES
	(11, 2, '2022226-7721778455-95580889.jpg'),
	(13, 2, '202231-7186576748-95580889.jpg');
/*!40000 ALTER TABLE `photo` ENABLE KEYS */;

CREATE TABLE IF NOT EXISTS `user` (
  `user_id` int unsigned NOT NULL AUTO_INCREMENT,
  `email` varchar(255) COLLATE utf8_unicode_ci NOT NULL DEFAULT '0',
  `password_hash` varchar(128) COLLATE utf8_unicode_ci NOT NULL DEFAULT '0',
  `forename` varchar(64) COLLATE utf8_unicode_ci NOT NULL DEFAULT '0',
  `surname` varchar(64) COLLATE utf8_unicode_ci NOT NULL DEFAULT '0',
  `phone_number` varchar(24) COLLATE utf8_unicode_ci NOT NULL DEFAULT '0',
  `postal_addres` text CHARACTER SET utf8 COLLATE utf8_unicode_ci NOT NULL,
  PRIMARY KEY (`user_id`),
  UNIQUE KEY `uq_user_email` (`email`),
  UNIQUE KEY `uq_user_phone_number` (`phone_number`)
) ENGINE=InnoDB AUTO_INCREMENT=4 DEFAULT CHARSET=utf8mb3 COLLATE=utf8_unicode_ci;

DELETE FROM `user`;
/*!40000 ALTER TABLE `user` DISABLE KEYS */;
INSERT INTO `user` (`user_id`, `email`, `password_hash`, `forename`, `surname`, `phone_number`, `postal_addres`) VALUES
	(1, 'test@test.bh', '032554068FCF3933BB4C7544EBEBA6FC3696E9018F9C2057D595C4356F99199D493AEBA7F6F96AC849A742374685B3150316F6A542A3C3639DB8A3556FF11CE9', 'Adnan', 'Mahmic', '+387 838 838', 'Nepoznata adresa bb'),
	(3, 'test@test.rs', 'C70B5DD9EBFB6F51D09D4132B7170C9D20750A7852F00680F65658F0310E810056E6763C34C9A00B0E940076F54495C169FC2302CCEB312039271C43469507DC', 'Adnan', 'Mahmic', '+38762838838', 'Nepoznata adresa bb');
/*!40000 ALTER TABLE `user` ENABLE KEYS */;

CREATE TABLE IF NOT EXISTS `user_token` (
  `user_token_id` int unsigned NOT NULL AUTO_INCREMENT,
  `user_id` int unsigned NOT NULL,
  `created_at` timestamp NOT NULL DEFAULT CURRENT_TIMESTAMP,
  `token` text COLLATE utf8_unicode_ci NOT NULL,
  `expires_at` datetime NOT NULL,
  `is_valid` tinyint unsigned NOT NULL DEFAULT '1',
  PRIMARY KEY (`user_token_id`),
  KEY `fk_user_token_user_id` (`user_id`),
  CONSTRAINT `fk_user_token_user_id` FOREIGN KEY (`user_id`) REFERENCES `user` (`user_id`) ON DELETE RESTRICT ON UPDATE CASCADE
) ENGINE=InnoDB AUTO_INCREMENT=153 DEFAULT CHARSET=utf8mb3 COLLATE=utf8_unicode_ci;

DELETE FROM `user_token`;
/*!40000 ALTER TABLE `user_token` DISABLE KEYS */;
INSERT INTO `user_token` (`user_token_id`, `user_id`, `created_at`, `token`, `expires_at`, `is_valid`) VALUES
	(1, 1, '2022-03-10 11:04:12', 'eyJhbGciOiJIUzI1NiIsInR5cCI6IkpXVCJ9.eyJyb2xlIjoidXNlciIsImlkIjoxLCJpZGVudGl0eSI6InRlc3RAdGVzdC5iaCIsImV4cCI6MTY0OTU4NTA1Mi45NSwiaXAiOiI6OjEiLCJ1YSI6IlBvc3RtYW5SdW50aW1lLzcuMjkuMCIsImlhdCI6MTY0NjkwNjY1Mn0.R15WEosRanEcBphpMsnhL1g-mfPmIHxMZn0kJm9zXRQ', '2022-04-10 10:04:12', 1),
	(2, 1, '2022-03-10 11:04:57', 'eyJhbGciOiJIUzI1NiIsInR5cCI6IkpXVCJ9.eyJyb2xlIjoidXNlciIsImlkIjoxLCJpZGVudGl0eSI6InRlc3RAdGVzdC5iaCIsImV4cCI6MTY0OTU4NTA5Ny4yNjcsImlwIjoiOjoxIiwidWEiOiJQb3N0bWFuUnVudGltZS83LjI5LjAiLCJpYXQiOjE2NDY5MDY2OTd9.txiJVKyknHAd97uKNtb8TY9vCV6y6J9zhOs0RNZGw1w', '2022-04-10 10:04:57', 1),
	(3, 1, '2022-03-10 11:09:42', 'eyJhbGciOiJIUzI1NiIsInR5cCI6IkpXVCJ9.eyJyb2xlIjoidXNlciIsImlkIjoxLCJpZGVudGl0eSI6InRlc3RAdGVzdC5iaCIsImV4cCI6MTY0OTU4NTM4Mi4yNjUsImlwIjoiOjoxIiwidWEiOiJQb3N0bWFuUnVudGltZS83LjI5LjAiLCJpYXQiOjE2NDY5MDY5ODJ9.xu8ZQ-_vPBPBBHZcsfyPgzz-Ry4FRm6S_5ZlzqN1wOc', '2022-04-10 10:09:42', 1),
	(4, 1, '2022-03-10 11:10:13', 'eyJhbGciOiJIUzI1NiIsInR5cCI6IkpXVCJ9.eyJyb2xlIjoidXNlciIsImlkIjoxLCJpZGVudGl0eSI6InRlc3RAdGVzdC5iaCIsImV4cCI6MTY0OTU4NTQxMy45NzIsImlwIjoiOjoxIiwidWEiOiJQb3N0bWFuUnVudGltZS83LjI5LjAiLCJpYXQiOjE2NDY5MDcwMTN9._OelIPpNrUTBgm14ciKGlJTJ3Gx_1OXwr_MgGgVN5uo', '2022-04-10 10:10:13', 1),
	(5, 1, '2022-03-10 11:10:15', 'eyJhbGciOiJIUzI1NiIsInR5cCI6IkpXVCJ9.eyJyb2xlIjoidXNlciIsImlkIjoxLCJpZGVudGl0eSI6InRlc3RAdGVzdC5iaCIsImV4cCI6MTY0OTU4NTQxNS42LCJpcCI6Ijo6MSIsInVhIjoiUG9zdG1hblJ1bnRpbWUvNy4yOS4wIiwiaWF0IjoxNjQ2OTA3MDE1fQ.WteyT061iaCF93dG5HKVK7mlwju9USBpqKKwD-26m-Q', '2022-04-10 10:10:15', 1),
	(6, 1, '2022-03-14 21:19:58', 'eyJhbGciOiJIUzI1NiIsInR5cCI6IkpXVCJ9.eyJyb2xlIjoidXNlciIsImlkIjoxLCJpZGVudGl0eSI6InRlc3RAdGVzdC5iaCIsImV4cCI6MTY0OTk2NzU5OC45NDMsImlwIjoiOjoxIiwidWEiOiJNb3ppbGxhLzUuMCAoV2luZG93cyBOVCAxMC4wOyBXaW42NDsgeDY0KSBBcHBsZVdlYktpdC81MzcuMzYgKEtIVE1MLCBsaWtlIEdlY2tvKSBDaHJvbWUvOTkuMC40ODQ0LjUxIFNhZmFyaS81MzcuMzYiLCJpYXQiOjE2NDcyODkxOTh9.quJIelvsQ8fvuLjkZC-d2kXp1YDZ-x3Or_01V63VhPE', '2022-04-14 20:19:58', 1),
	(7, 1, '2022-03-14 21:22:08', 'eyJhbGciOiJIUzI1NiIsInR5cCI6IkpXVCJ9.eyJyb2xlIjoidXNlciIsImlkIjoxLCJpZGVudGl0eSI6InRlc3RAdGVzdC5iaCIsImV4cCI6MTY0OTk2NzcyOC4yNSwiaXAiOiI6OjEiLCJ1YSI6Ik1vemlsbGEvNS4wIChXaW5kb3dzIE5UIDEwLjA7IFdpbjY0OyB4NjQpIEFwcGxlV2ViS2l0LzUzNy4zNiAoS0hUTUwsIGxpa2UgR2Vja28pIENocm9tZS85OS4wLjQ4NDQuNTEgU2FmYXJpLzUzNy4zNiIsImlhdCI6MTY0NzI4OTMyOH0.PZ1zl6GTivOfj6o5rmv_gsXrg7LjMl7Oo6r-Do9-DaA', '2022-04-14 20:22:08', 1),
	(8, 1, '2022-03-14 21:32:36', 'eyJhbGciOiJIUzI1NiIsInR5cCI6IkpXVCJ9.eyJyb2xlIjoidXNlciIsImlkIjoxLCJpZGVudGl0eSI6InRlc3RAdGVzdC5iaCIsImV4cCI6MTY0OTk2ODM1Ni4zMjQsImlwIjoiOjoxIiwidWEiOiJNb3ppbGxhLzUuMCAoV2luZG93cyBOVCAxMC4wOyBXaW42NDsgeDY0KSBBcHBsZVdlYktpdC81MzcuMzYgKEtIVE1MLCBsaWtlIEdlY2tvKSBDaHJvbWUvOTkuMC40ODQ0LjUxIFNhZmFyaS81MzcuMzYiLCJpYXQiOjE2NDcyODk5NTZ9.Pb95OmhbEaiQMHq4phZKGZF-EaQttDAAxIl0s95JqZY', '2022-04-14 20:32:36', 1),
	(9, 1, '2022-03-15 20:39:28', 'eyJhbGciOiJIUzI1NiIsInR5cCI6IkpXVCJ9.eyJyb2xlIjoidXNlciIsImlkIjoxLCJpZGVudGl0eSI6InRlc3RAdGVzdC5iaCIsImV4cCI6MTY1MDA1MTU2OC41MTksImlwIjoiOjoxIiwidWEiOiJNb3ppbGxhLzUuMCAoV2luZG93cyBOVCAxMC4wOyBXaW42NDsgeDY0KSBBcHBsZVdlYktpdC81MzcuMzYgKEtIVE1MLCBsaWtlIEdlY2tvKSBDaHJvbWUvOTkuMC40ODQ0LjUxIFNhZmFyaS81MzcuMzYiLCJpYXQiOjE2NDczNzMxNjh9.dioh5GOSxt2N2aW-J6MBRLtjv5gH_qIA1LbNYbxpGpo', '2022-04-15 19:39:28', 1),
	(10, 1, '2022-03-15 21:04:19', 'eyJhbGciOiJIUzI1NiIsInR5cCI6IkpXVCJ9.eyJyb2xlIjoidXNlciIsImlkIjoxLCJpZGVudGl0eSI6InRlc3RAdGVzdC5iaCIsImV4cCI6MTY1MDA1MzA1OS4yNTksImlwIjoiOjoxIiwidWEiOiJNb3ppbGxhLzUuMCAoV2luZG93cyBOVCAxMC4wOyBXaW42NDsgeDY0KSBBcHBsZVdlYktpdC81MzcuMzYgKEtIVE1MLCBsaWtlIEdlY2tvKSBDaHJvbWUvOTkuMC40ODQ0LjUxIFNhZmFyaS81MzcuMzYiLCJpYXQiOjE2NDczNzQ2NTl9.SNd5okwqc054HNzvH3j00DZcwR9lk5-x1Raxww5sKYg', '2022-04-15 20:04:19', 1),
	(11, 3, '2022-03-15 22:33:13', 'eyJhbGciOiJIUzI1NiIsInR5cCI6IkpXVCJ9.eyJyb2xlIjoidXNlciIsImlkIjozLCJpZGVudGl0eSI6InRlc3RAdGVzdC5ycyIsImV4cCI6MTY1MDA1ODM5My42NzEsImlwIjoiOjoxIiwidWEiOiJNb3ppbGxhLzUuMCAoV2luZG93cyBOVCAxMC4wOyBXaW42NDsgeDY0KSBBcHBsZVdlYktpdC81MzcuMzYgKEtIVE1MLCBsaWtlIEdlY2tvKSBDaHJvbWUvOTkuMC40ODQ0LjUxIFNhZmFyaS81MzcuMzYiLCJpYXQiOjE2NDczNzk5OTN9.HqC9jK1kv3OgNk_wjYmcXmHRDY2KSpjzrSvESAfWZ-8', '2022-04-15 21:33:13', 1),
	(12, 1, '2022-03-16 11:07:40', 'eyJhbGciOiJIUzI1NiIsInR5cCI6IkpXVCJ9.eyJyb2xlIjoidXNlciIsImlkIjoxLCJpZGVudGl0eSI6InRlc3RAdGVzdC5iaCIsImV4cCI6MTY1MDEwMzY2MC42MjEsImlwIjoiOjoxIiwidWEiOiJNb3ppbGxhLzUuMCAoV2luZG93cyBOVCAxMC4wOyBXaW42NDsgeDY0KSBBcHBsZVdlYktpdC81MzcuMzYgKEtIVE1MLCBsaWtlIEdlY2tvKSBDaHJvbWUvOTkuMC40ODQ0LjUxIFNhZmFyaS81MzcuMzYiLCJpYXQiOjE2NDc0MjUyNjB9._1XqaRF-vuwilj7h0Be4C2mqg6LyCqdhxP0cbLcd34Q', '2022-04-16 10:07:40', 1),
	(13, 1, '2022-03-16 13:32:40', 'eyJhbGciOiJIUzI1NiIsInR5cCI6IkpXVCJ9.eyJyb2xlIjoidXNlciIsImlkIjoxLCJpZGVudGl0eSI6InRlc3RAdGVzdC5iaCIsImV4cCI6MTY1MDExMjM2MC45NywiaXAiOiI6OjEiLCJ1YSI6Ik1vemlsbGEvNS4wIChXaW5kb3dzIE5UIDEwLjA7IFdpbjY0OyB4NjQpIEFwcGxlV2ViS2l0LzUzNy4zNiAoS0hUTUwsIGxpa2UgR2Vja28pIENocm9tZS85OS4wLjQ4NDQuNTEgU2FmYXJpLzUzNy4zNiIsImlhdCI6MTY0NzQzMzk2MH0.em0X_36sYWtkZcsrt3Dgv-WJ9EQ3g8vW5vdOTp0mXM8', '2022-04-16 12:32:40', 1),
	(14, 1, '2022-03-16 13:32:46', 'eyJhbGciOiJIUzI1NiIsInR5cCI6IkpXVCJ9.eyJyb2xlIjoidXNlciIsImlkIjoxLCJpZGVudGl0eSI6InRlc3RAdGVzdC5iaCIsImV4cCI6MTY1MDExMjM2Ni4wNzcsImlwIjoiOjoxIiwidWEiOiJNb3ppbGxhLzUuMCAoV2luZG93cyBOVCAxMC4wOyBXaW42NDsgeDY0KSBBcHBsZVdlYktpdC81MzcuMzYgKEtIVE1MLCBsaWtlIEdlY2tvKSBDaHJvbWUvOTkuMC40ODQ0LjUxIFNhZmFyaS81MzcuMzYiLCJpYXQiOjE2NDc0MzM5NjZ9.oO__aHBBiLtz8sZ0QWgfOHPyjli-uvpkf1sRicXgPR8', '2022-04-16 12:32:46', 1),
	(15, 1, '2022-03-16 13:32:46', 'eyJhbGciOiJIUzI1NiIsInR5cCI6IkpXVCJ9.eyJyb2xlIjoidXNlciIsImlkIjoxLCJpZGVudGl0eSI6InRlc3RAdGVzdC5iaCIsImV4cCI6MTY1MDExMjM2Ni45MzUsImlwIjoiOjoxIiwidWEiOiJNb3ppbGxhLzUuMCAoV2luZG93cyBOVCAxMC4wOyBXaW42NDsgeDY0KSBBcHBsZVdlYktpdC81MzcuMzYgKEtIVE1MLCBsaWtlIEdlY2tvKSBDaHJvbWUvOTkuMC40ODQ0LjUxIFNhZmFyaS81MzcuMzYiLCJpYXQiOjE2NDc0MzM5NjZ9.-F6RlJnXoHMRp_IvXoLK0P_03mVj-dVIqX6naHoTgaM', '2022-04-16 12:32:46', 1),
	(16, 1, '2022-03-16 13:32:47', 'eyJhbGciOiJIUzI1NiIsInR5cCI6IkpXVCJ9.eyJyb2xlIjoidXNlciIsImlkIjoxLCJpZGVudGl0eSI6InRlc3RAdGVzdC5iaCIsImV4cCI6MTY1MDExMjM2Ny44MzMsImlwIjoiOjoxIiwidWEiOiJNb3ppbGxhLzUuMCAoV2luZG93cyBOVCAxMC4wOyBXaW42NDsgeDY0KSBBcHBsZVdlYktpdC81MzcuMzYgKEtIVE1MLCBsaWtlIEdlY2tvKSBDaHJvbWUvOTkuMC40ODQ0LjUxIFNhZmFyaS81MzcuMzYiLCJpYXQiOjE2NDc0MzM5Njd9.GoKmredkwi_JVupA4rCHr5pDfkcZFqAqwNjTy_hBoAc', '2022-04-16 12:32:47', 1),
	(17, 1, '2022-03-16 13:32:48', 'eyJhbGciOiJIUzI1NiIsInR5cCI6IkpXVCJ9.eyJyb2xlIjoidXNlciIsImlkIjoxLCJpZGVudGl0eSI6InRlc3RAdGVzdC5iaCIsImV4cCI6MTY1MDExMjM2OC44NzksImlwIjoiOjoxIiwidWEiOiJNb3ppbGxhLzUuMCAoV2luZG93cyBOVCAxMC4wOyBXaW42NDsgeDY0KSBBcHBsZVdlYktpdC81MzcuMzYgKEtIVE1MLCBsaWtlIEdlY2tvKSBDaHJvbWUvOTkuMC40ODQ0LjUxIFNhZmFyaS81MzcuMzYiLCJpYXQiOjE2NDc0MzM5Njh9.UQdFWlibX_wNCDBQO5eLH9CWy6pCvnPRpCiQzH0g3b8', '2022-04-16 12:32:48', 1),
	(18, 1, '2022-03-16 13:32:49', 'eyJhbGciOiJIUzI1NiIsInR5cCI6IkpXVCJ9.eyJyb2xlIjoidXNlciIsImlkIjoxLCJpZGVudGl0eSI6InRlc3RAdGVzdC5iaCIsImV4cCI6MTY1MDExMjM2OS45MjgsImlwIjoiOjoxIiwidWEiOiJNb3ppbGxhLzUuMCAoV2luZG93cyBOVCAxMC4wOyBXaW42NDsgeDY0KSBBcHBsZVdlYktpdC81MzcuMzYgKEtIVE1MLCBsaWtlIEdlY2tvKSBDaHJvbWUvOTkuMC40ODQ0LjUxIFNhZmFyaS81MzcuMzYiLCJpYXQiOjE2NDc0MzM5Njl9.Y6FJohXxH5_RRIJqY9B5TfBMOTiTotRLSeUWXUIBoZQ', '2022-04-16 12:32:49', 1),
	(19, 1, '2022-03-16 13:33:21', 'eyJhbGciOiJIUzI1NiIsInR5cCI6IkpXVCJ9.eyJyb2xlIjoidXNlciIsImlkIjoxLCJpZGVudGl0eSI6InRlc3RAdGVzdC5iaCIsImV4cCI6MTY1MDExMjQwMS41NTksImlwIjoiOjoxIiwidWEiOiJNb3ppbGxhLzUuMCAoV2luZG93cyBOVCAxMC4wOyBXaW42NDsgeDY0KSBBcHBsZVdlYktpdC81MzcuMzYgKEtIVE1MLCBsaWtlIEdlY2tvKSBDaHJvbWUvOTkuMC40ODQ0LjUxIFNhZmFyaS81MzcuMzYiLCJpYXQiOjE2NDc0MzQwMDF9.wN9oNtJDSnoyyfPWjXZ66Kq9hQ3JobT_tv3jHQWxcew', '2022-04-16 12:33:21', 1),
	(20, 1, '2022-03-16 13:33:34', 'eyJhbGciOiJIUzI1NiIsInR5cCI6IkpXVCJ9.eyJyb2xlIjoidXNlciIsImlkIjoxLCJpZGVudGl0eSI6InRlc3RAdGVzdC5iaCIsImV4cCI6MTY1MDExMjQxNC4wOTIsImlwIjoiOjoxIiwidWEiOiJNb3ppbGxhLzUuMCAoV2luZG93cyBOVCAxMC4wOyBXaW42NDsgeDY0KSBBcHBsZVdlYktpdC81MzcuMzYgKEtIVE1MLCBsaWtlIEdlY2tvKSBDaHJvbWUvOTkuMC40ODQ0LjUxIFNhZmFyaS81MzcuMzYiLCJpYXQiOjE2NDc0MzQwMTR9.poNzVPdj3nn9t8ADV1jalehwqCDB0nZG-dmLjx9SQWg', '2022-04-16 12:33:34', 1),
	(21, 1, '2022-03-16 13:33:34', 'eyJhbGciOiJIUzI1NiIsInR5cCI6IkpXVCJ9.eyJyb2xlIjoidXNlciIsImlkIjoxLCJpZGVudGl0eSI6InRlc3RAdGVzdC5iaCIsImV4cCI6MTY1MDExMjQxNC44OTMsImlwIjoiOjoxIiwidWEiOiJNb3ppbGxhLzUuMCAoV2luZG93cyBOVCAxMC4wOyBXaW42NDsgeDY0KSBBcHBsZVdlYktpdC81MzcuMzYgKEtIVE1MLCBsaWtlIEdlY2tvKSBDaHJvbWUvOTkuMC40ODQ0LjUxIFNhZmFyaS81MzcuMzYiLCJpYXQiOjE2NDc0MzQwMTR9.qeyYcUWEQtjakUW6SmiPFEjQqpq1ZDICFve5JK7lVcc', '2022-04-16 12:33:34', 1),
	(22, 1, '2022-03-16 13:33:35', 'eyJhbGciOiJIUzI1NiIsInR5cCI6IkpXVCJ9.eyJyb2xlIjoidXNlciIsImlkIjoxLCJpZGVudGl0eSI6InRlc3RAdGVzdC5iaCIsImV4cCI6MTY1MDExMjQxNS43MTYsImlwIjoiOjoxIiwidWEiOiJNb3ppbGxhLzUuMCAoV2luZG93cyBOVCAxMC4wOyBXaW42NDsgeDY0KSBBcHBsZVdlYktpdC81MzcuMzYgKEtIVE1MLCBsaWtlIEdlY2tvKSBDaHJvbWUvOTkuMC40ODQ0LjUxIFNhZmFyaS81MzcuMzYiLCJpYXQiOjE2NDc0MzQwMTV9.PdTta_Cq24WNK3kDjaz-HekaGHtG4YC7iH_Zki81mw0', '2022-04-16 12:33:35', 1),
	(23, 1, '2022-03-16 13:33:36', 'eyJhbGciOiJIUzI1NiIsInR5cCI6IkpXVCJ9.eyJyb2xlIjoidXNlciIsImlkIjoxLCJpZGVudGl0eSI6InRlc3RAdGVzdC5iaCIsImV4cCI6MTY1MDExMjQxNi41MTYsImlwIjoiOjoxIiwidWEiOiJNb3ppbGxhLzUuMCAoV2luZG93cyBOVCAxMC4wOyBXaW42NDsgeDY0KSBBcHBsZVdlYktpdC81MzcuMzYgKEtIVE1MLCBsaWtlIEdlY2tvKSBDaHJvbWUvOTkuMC40ODQ0LjUxIFNhZmFyaS81MzcuMzYiLCJpYXQiOjE2NDc0MzQwMTZ9.sc7Vxh59oupo67mKsseDN-9t_BwvTWVoQMYJaUI_G80', '2022-04-16 12:33:36', 1),
	(24, 1, '2022-03-16 13:33:37', 'eyJhbGciOiJIUzI1NiIsInR5cCI6IkpXVCJ9.eyJyb2xlIjoidXNlciIsImlkIjoxLCJpZGVudGl0eSI6InRlc3RAdGVzdC5iaCIsImV4cCI6MTY1MDExMjQxNy4zMSwiaXAiOiI6OjEiLCJ1YSI6Ik1vemlsbGEvNS4wIChXaW5kb3dzIE5UIDEwLjA7IFdpbjY0OyB4NjQpIEFwcGxlV2ViS2l0LzUzNy4zNiAoS0hUTUwsIGxpa2UgR2Vja28pIENocm9tZS85OS4wLjQ4NDQuNTEgU2FmYXJpLzUzNy4zNiIsImlhdCI6MTY0NzQzNDAxN30.vUFBUkMZXCFZz6jYcT6u9MUnmr9-p8hS4W3zT638NUQ', '2022-04-16 12:33:37', 1),
	(25, 1, '2022-03-16 13:33:38', 'eyJhbGciOiJIUzI1NiIsInR5cCI6IkpXVCJ9.eyJyb2xlIjoidXNlciIsImlkIjoxLCJpZGVudGl0eSI6InRlc3RAdGVzdC5iaCIsImV4cCI6MTY1MDExMjQxOC4zLCJpcCI6Ijo6MSIsInVhIjoiTW96aWxsYS81LjAgKFdpbmRvd3MgTlQgMTAuMDsgV2luNjQ7IHg2NCkgQXBwbGVXZWJLaXQvNTM3LjM2IChLSFRNTCwgbGlrZSBHZWNrbykgQ2hyb21lLzk5LjAuNDg0NC41MSBTYWZhcmkvNTM3LjM2IiwiaWF0IjoxNjQ3NDM0MDE4fQ.3I0vaurA0KG5DhBHrIXYSeYSL4p3Pd5lxVTIOmRSVH0', '2022-04-16 12:33:38', 1),
	(26, 1, '2022-03-16 13:33:45', 'eyJhbGciOiJIUzI1NiIsInR5cCI6IkpXVCJ9.eyJyb2xlIjoidXNlciIsImlkIjoxLCJpZGVudGl0eSI6InRlc3RAdGVzdC5iaCIsImV4cCI6MTY1MDExMjQyNS40OTMsImlwIjoiOjoxIiwidWEiOiJNb3ppbGxhLzUuMCAoV2luZG93cyBOVCAxMC4wOyBXaW42NDsgeDY0KSBBcHBsZVdlYktpdC81MzcuMzYgKEtIVE1MLCBsaWtlIEdlY2tvKSBDaHJvbWUvOTkuMC40ODQ0LjUxIFNhZmFyaS81MzcuMzYiLCJpYXQiOjE2NDc0MzQwMjV9.ATeXG6-UIuky3eRDA9YnDM5fj55euewTtwXbGl5WTb8', '2022-04-16 12:33:45', 1),
	(27, 1, '2022-03-16 13:33:46', 'eyJhbGciOiJIUzI1NiIsInR5cCI6IkpXVCJ9.eyJyb2xlIjoidXNlciIsImlkIjoxLCJpZGVudGl0eSI6InRlc3RAdGVzdC5iaCIsImV4cCI6MTY1MDExMjQyNi42MiwiaXAiOiI6OjEiLCJ1YSI6Ik1vemlsbGEvNS4wIChXaW5kb3dzIE5UIDEwLjA7IFdpbjY0OyB4NjQpIEFwcGxlV2ViS2l0LzUzNy4zNiAoS0hUTUwsIGxpa2UgR2Vja28pIENocm9tZS85OS4wLjQ4NDQuNTEgU2FmYXJpLzUzNy4zNiIsImlhdCI6MTY0NzQzNDAyNn0.PsEQFwAPXFC2nXaPjTDr2YwFztUbvnxtvnY8KvNJ2Ok', '2022-04-16 12:33:46', 1),
	(28, 1, '2022-03-16 13:33:48', 'eyJhbGciOiJIUzI1NiIsInR5cCI6IkpXVCJ9.eyJyb2xlIjoidXNlciIsImlkIjoxLCJpZGVudGl0eSI6InRlc3RAdGVzdC5iaCIsImV4cCI6MTY1MDExMjQyOC4yNjgsImlwIjoiOjoxIiwidWEiOiJNb3ppbGxhLzUuMCAoV2luZG93cyBOVCAxMC4wOyBXaW42NDsgeDY0KSBBcHBsZVdlYktpdC81MzcuMzYgKEtIVE1MLCBsaWtlIEdlY2tvKSBDaHJvbWUvOTkuMC40ODQ0LjUxIFNhZmFyaS81MzcuMzYiLCJpYXQiOjE2NDc0MzQwMjh9.X_I3uLw2IRqovVs3WrvD9wa1XhWElVQQRBmdpGNIh9A', '2022-04-16 12:33:48', 1),
	(29, 1, '2022-03-16 13:33:53', 'eyJhbGciOiJIUzI1NiIsInR5cCI6IkpXVCJ9.eyJyb2xlIjoidXNlciIsImlkIjoxLCJpZGVudGl0eSI6InRlc3RAdGVzdC5iaCIsImV4cCI6MTY1MDExMjQzMy4yMzQsImlwIjoiOjoxIiwidWEiOiJNb3ppbGxhLzUuMCAoV2luZG93cyBOVCAxMC4wOyBXaW42NDsgeDY0KSBBcHBsZVdlYktpdC81MzcuMzYgKEtIVE1MLCBsaWtlIEdlY2tvKSBDaHJvbWUvOTkuMC40ODQ0LjUxIFNhZmFyaS81MzcuMzYiLCJpYXQiOjE2NDc0MzQwMzN9.LvfaJqEsHBlaGmvr0AT4joVR8oIP7WAPeZ2Rznnilw0', '2022-04-16 12:33:53', 1),
	(30, 1, '2022-03-16 13:34:36', 'eyJhbGciOiJIUzI1NiIsInR5cCI6IkpXVCJ9.eyJyb2xlIjoidXNlciIsImlkIjoxLCJpZGVudGl0eSI6InRlc3RAdGVzdC5iaCIsImV4cCI6MTY1MDExMjQ3Ni40NjMsImlwIjoiOjoxIiwidWEiOiJNb3ppbGxhLzUuMCAoV2luZG93cyBOVCAxMC4wOyBXaW42NDsgeDY0KSBBcHBsZVdlYktpdC81MzcuMzYgKEtIVE1MLCBsaWtlIEdlY2tvKSBDaHJvbWUvOTkuMC40ODQ0LjUxIFNhZmFyaS81MzcuMzYiLCJpYXQiOjE2NDc0MzQwNzZ9.MGFceXx4Wh-P3PmSXGztguEu68QkFWKY76GXuXJgGzA', '2022-04-16 12:34:36', 1),
	(31, 1, '2022-03-16 13:41:10', 'eyJhbGciOiJIUzI1NiIsInR5cCI6IkpXVCJ9.eyJyb2xlIjoidXNlciIsImlkIjoxLCJpZGVudGl0eSI6InRlc3RAdGVzdC5iaCIsImV4cCI6MTY1MDExMjg3MC41NDQsImlwIjoiOjoxIiwidWEiOiJNb3ppbGxhLzUuMCAoV2luZG93cyBOVCAxMC4wOyBXaW42NDsgeDY0KSBBcHBsZVdlYktpdC81MzcuMzYgKEtIVE1MLCBsaWtlIEdlY2tvKSBDaHJvbWUvOTkuMC40ODQ0LjUxIFNhZmFyaS81MzcuMzYiLCJpYXQiOjE2NDc0MzQ0NzB9.c3MXbzcSPtWo7GVKv-aeGUvH3bQMfWfkVo8u-y-HupU', '2022-04-16 12:41:10', 1),
	(32, 1, '2022-03-16 14:02:51', 'eyJhbGciOiJIUzI1NiIsInR5cCI6IkpXVCJ9.eyJyb2xlIjoidXNlciIsImlkIjoxLCJpZGVudGl0eSI6InRlc3RAdGVzdC5iaCIsImV4cCI6MTY1MDExNDE3MS4zOTYsImlwIjoiOjoxIiwidWEiOiJNb3ppbGxhLzUuMCAoV2luZG93cyBOVCAxMC4wOyBXaW42NDsgeDY0KSBBcHBsZVdlYktpdC81MzcuMzYgKEtIVE1MLCBsaWtlIEdlY2tvKSBDaHJvbWUvOTkuMC40ODQ0LjUxIFNhZmFyaS81MzcuMzYiLCJpYXQiOjE2NDc0MzU3NzF9.gkkuZRSip0Pq4gycelK1K1WZuEK7XgxwZXy3EvCLfVc', '2022-04-16 13:02:51', 1),
	(33, 1, '2022-03-16 14:04:48', 'eyJhbGciOiJIUzI1NiIsInR5cCI6IkpXVCJ9.eyJyb2xlIjoidXNlciIsImlkIjoxLCJpZGVudGl0eSI6InRlc3RAdGVzdC5iaCIsImV4cCI6MTY1MDExNDI4OC4xMywiaXAiOiI6OjEiLCJ1YSI6Ik1vemlsbGEvNS4wIChXaW5kb3dzIE5UIDEwLjA7IFdpbjY0OyB4NjQpIEFwcGxlV2ViS2l0LzUzNy4zNiAoS0hUTUwsIGxpa2UgR2Vja28pIENocm9tZS85OS4wLjQ4NDQuNTEgU2FmYXJpLzUzNy4zNiIsImlhdCI6MTY0NzQzNTg4OH0.oNIK1apApG4B5vcdJdaTHBUuM8wtqhEjQXXFVFQsyog', '2022-04-16 13:04:48', 1),
	(34, 1, '2022-03-16 14:08:39', 'eyJhbGciOiJIUzI1NiIsInR5cCI6IkpXVCJ9.eyJyb2xlIjoidXNlciIsImlkIjoxLCJpZGVudGl0eSI6InRlc3RAdGVzdC5iaCIsImV4cCI6MTY1MDExNDUxOS44NzIsImlwIjoiOjoxIiwidWEiOiJNb3ppbGxhLzUuMCAoV2luZG93cyBOVCAxMC4wOyBXaW42NDsgeDY0KSBBcHBsZVdlYktpdC81MzcuMzYgKEtIVE1MLCBsaWtlIEdlY2tvKSBDaHJvbWUvOTkuMC40ODQ0LjUxIFNhZmFyaS81MzcuMzYiLCJpYXQiOjE2NDc0MzYxMTl9.gx-oCo2PjnHlZuNI2u0c-ZtlFKlXeRhDqRkqxa4WlRc', '2022-04-16 13:08:39', 1),
	(35, 1, '2022-03-16 14:09:12', 'eyJhbGciOiJIUzI1NiIsInR5cCI6IkpXVCJ9.eyJyb2xlIjoidXNlciIsImlkIjoxLCJpZGVudGl0eSI6InRlc3RAdGVzdC5iaCIsImV4cCI6MTY1MDExNDU1Mi44MzEsImlwIjoiOjoxIiwidWEiOiJNb3ppbGxhLzUuMCAoV2luZG93cyBOVCAxMC4wOyBXaW42NDsgeDY0KSBBcHBsZVdlYktpdC81MzcuMzYgKEtIVE1MLCBsaWtlIEdlY2tvKSBDaHJvbWUvOTkuMC40ODQ0LjUxIFNhZmFyaS81MzcuMzYiLCJpYXQiOjE2NDc0MzYxNTJ9.puRquz1TxYXHAWnnjqp_HcYWepQ3JvVzI8g3xdGJoes', '2022-04-16 13:09:12', 1),
	(36, 1, '2022-03-16 14:09:50', 'eyJhbGciOiJIUzI1NiIsInR5cCI6IkpXVCJ9.eyJyb2xlIjoidXNlciIsImlkIjoxLCJpZGVudGl0eSI6InRlc3RAdGVzdC5iaCIsImV4cCI6MTY1MDExNDU5MC42MTMsImlwIjoiOjoxIiwidWEiOiJNb3ppbGxhLzUuMCAoV2luZG93cyBOVCAxMC4wOyBXaW42NDsgeDY0KSBBcHBsZVdlYktpdC81MzcuMzYgKEtIVE1MLCBsaWtlIEdlY2tvKSBDaHJvbWUvOTkuMC40ODQ0LjUxIFNhZmFyaS81MzcuMzYiLCJpYXQiOjE2NDc0MzYxOTB9.tTEYIeVKhz55oV-pkNQyEgfNp95SzHbXkPT6e9F62QE', '2022-04-16 13:09:50', 1),
	(37, 1, '2022-03-16 14:09:51', 'eyJhbGciOiJIUzI1NiIsInR5cCI6IkpXVCJ9.eyJyb2xlIjoidXNlciIsImlkIjoxLCJpZGVudGl0eSI6InRlc3RAdGVzdC5iaCIsImV4cCI6MTY1MDExNDU5MS43OTMsImlwIjoiOjoxIiwidWEiOiJNb3ppbGxhLzUuMCAoV2luZG93cyBOVCAxMC4wOyBXaW42NDsgeDY0KSBBcHBsZVdlYktpdC81MzcuMzYgKEtIVE1MLCBsaWtlIEdlY2tvKSBDaHJvbWUvOTkuMC40ODQ0LjUxIFNhZmFyaS81MzcuMzYiLCJpYXQiOjE2NDc0MzYxOTF9.gJl9d5SoAw30ZxMB48ElbmWe_7vRem5-PsoT6zKeiJM', '2022-04-16 13:09:51', 1),
	(38, 1, '2022-03-16 14:09:52', 'eyJhbGciOiJIUzI1NiIsInR5cCI6IkpXVCJ9.eyJyb2xlIjoidXNlciIsImlkIjoxLCJpZGVudGl0eSI6InRlc3RAdGVzdC5iaCIsImV4cCI6MTY1MDExNDU5Mi43MjMsImlwIjoiOjoxIiwidWEiOiJNb3ppbGxhLzUuMCAoV2luZG93cyBOVCAxMC4wOyBXaW42NDsgeDY0KSBBcHBsZVdlYktpdC81MzcuMzYgKEtIVE1MLCBsaWtlIEdlY2tvKSBDaHJvbWUvOTkuMC40ODQ0LjUxIFNhZmFyaS81MzcuMzYiLCJpYXQiOjE2NDc0MzYxOTJ9.oXHPkurnUFHoZgGIjqR1S24pTnY8Y6GGIAw64HdAf7c', '2022-04-16 13:09:52', 1),
	(39, 1, '2022-03-16 14:09:59', 'eyJhbGciOiJIUzI1NiIsInR5cCI6IkpXVCJ9.eyJyb2xlIjoidXNlciIsImlkIjoxLCJpZGVudGl0eSI6InRlc3RAdGVzdC5iaCIsImV4cCI6MTY1MDExNDU5OS4wODYsImlwIjoiOjoxIiwidWEiOiJNb3ppbGxhLzUuMCAoV2luZG93cyBOVCAxMC4wOyBXaW42NDsgeDY0KSBBcHBsZVdlYktpdC81MzcuMzYgKEtIVE1MLCBsaWtlIEdlY2tvKSBDaHJvbWUvOTkuMC40ODQ0LjUxIFNhZmFyaS81MzcuMzYiLCJpYXQiOjE2NDc0MzYxOTl9.AYqhUr-88y4uEwcY6WmKGfSjFSwWVizzjy0ptM0FA7I', '2022-04-16 13:09:59', 1),
	(40, 1, '2022-03-16 14:10:00', 'eyJhbGciOiJIUzI1NiIsInR5cCI6IkpXVCJ9.eyJyb2xlIjoidXNlciIsImlkIjoxLCJpZGVudGl0eSI6InRlc3RAdGVzdC5iaCIsImV4cCI6MTY1MDExNDYwMC40MSwiaXAiOiI6OjEiLCJ1YSI6Ik1vemlsbGEvNS4wIChXaW5kb3dzIE5UIDEwLjA7IFdpbjY0OyB4NjQpIEFwcGxlV2ViS2l0LzUzNy4zNiAoS0hUTUwsIGxpa2UgR2Vja28pIENocm9tZS85OS4wLjQ4NDQuNTEgU2FmYXJpLzUzNy4zNiIsImlhdCI6MTY0NzQzNjIwMH0.jMYJPXSMGgYucovGcoSA4qYMVo5T1OzvqGmaEBmUFYA', '2022-04-16 13:10:00', 1),
	(41, 1, '2022-03-16 14:10:13', 'eyJhbGciOiJIUzI1NiIsInR5cCI6IkpXVCJ9.eyJyb2xlIjoidXNlciIsImlkIjoxLCJpZGVudGl0eSI6InRlc3RAdGVzdC5iaCIsImV4cCI6MTY1MDExNDYxMy40NjcsImlwIjoiOjoxIiwidWEiOiJNb3ppbGxhLzUuMCAoV2luZG93cyBOVCAxMC4wOyBXaW42NDsgeDY0KSBBcHBsZVdlYktpdC81MzcuMzYgKEtIVE1MLCBsaWtlIEdlY2tvKSBDaHJvbWUvOTkuMC40ODQ0LjUxIFNhZmFyaS81MzcuMzYiLCJpYXQiOjE2NDc0MzYyMTN9.6cjz5iWcopQkyzdBgUDuNsrEiF3IvMoLntvcWXP3zdc', '2022-04-16 13:10:13', 1),
	(42, 1, '2022-03-16 14:10:14', 'eyJhbGciOiJIUzI1NiIsInR5cCI6IkpXVCJ9.eyJyb2xlIjoidXNlciIsImlkIjoxLCJpZGVudGl0eSI6InRlc3RAdGVzdC5iaCIsImV4cCI6MTY1MDExNDYxNC40OTQsImlwIjoiOjoxIiwidWEiOiJNb3ppbGxhLzUuMCAoV2luZG93cyBOVCAxMC4wOyBXaW42NDsgeDY0KSBBcHBsZVdlYktpdC81MzcuMzYgKEtIVE1MLCBsaWtlIEdlY2tvKSBDaHJvbWUvOTkuMC40ODQ0LjUxIFNhZmFyaS81MzcuMzYiLCJpYXQiOjE2NDc0MzYyMTR9.4KzTUiGYqBYfZNp-2w8IiiTCC_mddv-mr30c3n4mwmY', '2022-04-16 13:10:14', 1),
	(43, 1, '2022-03-16 14:10:15', 'eyJhbGciOiJIUzI1NiIsInR5cCI6IkpXVCJ9.eyJyb2xlIjoidXNlciIsImlkIjoxLCJpZGVudGl0eSI6InRlc3RAdGVzdC5iaCIsImV4cCI6MTY1MDExNDYxNS4xNTUsImlwIjoiOjoxIiwidWEiOiJNb3ppbGxhLzUuMCAoV2luZG93cyBOVCAxMC4wOyBXaW42NDsgeDY0KSBBcHBsZVdlYktpdC81MzcuMzYgKEtIVE1MLCBsaWtlIEdlY2tvKSBDaHJvbWUvOTkuMC40ODQ0LjUxIFNhZmFyaS81MzcuMzYiLCJpYXQiOjE2NDc0MzYyMTV9.sKP8ZJaB-xTUfHA3ps5oZnjVofAi6uDk6-ZOseFrjOU', '2022-04-16 13:10:15', 1),
	(44, 1, '2022-03-16 14:18:43', 'eyJhbGciOiJIUzI1NiIsInR5cCI6IkpXVCJ9.eyJyb2xlIjoidXNlciIsImlkIjoxLCJpZGVudGl0eSI6InRlc3RAdGVzdC5iaCIsImV4cCI6MTY1MDExNTEyMy43MzcsImlwIjoiOjoxIiwidWEiOiJNb3ppbGxhLzUuMCAoV2luZG93cyBOVCAxMC4wOyBXaW42NDsgeDY0KSBBcHBsZVdlYktpdC81MzcuMzYgKEtIVE1MLCBsaWtlIEdlY2tvKSBDaHJvbWUvOTkuMC40ODQ0LjUxIFNhZmFyaS81MzcuMzYiLCJpYXQiOjE2NDc0MzY3MjN9.6cPDnsADrkcMn3v3zkfsS9-B9Nxp2qc-JC9iiWk82NQ', '2022-04-16 13:18:43', 1),
	(45, 1, '2022-03-16 14:18:45', 'eyJhbGciOiJIUzI1NiIsInR5cCI6IkpXVCJ9.eyJyb2xlIjoidXNlciIsImlkIjoxLCJpZGVudGl0eSI6InRlc3RAdGVzdC5iaCIsImV4cCI6MTY1MDExNTEyNS4wMDYsImlwIjoiOjoxIiwidWEiOiJNb3ppbGxhLzUuMCAoV2luZG93cyBOVCAxMC4wOyBXaW42NDsgeDY0KSBBcHBsZVdlYktpdC81MzcuMzYgKEtIVE1MLCBsaWtlIEdlY2tvKSBDaHJvbWUvOTkuMC40ODQ0LjUxIFNhZmFyaS81MzcuMzYiLCJpYXQiOjE2NDc0MzY3MjV9.2oGiyT99WRRz4oQqrOTTw8fs7Vx1Vz6HMNLTy5WW4Us', '2022-04-16 13:18:45', 1),
	(46, 1, '2022-03-16 14:18:54', 'eyJhbGciOiJIUzI1NiIsInR5cCI6IkpXVCJ9.eyJyb2xlIjoidXNlciIsImlkIjoxLCJpZGVudGl0eSI6InRlc3RAdGVzdC5iaCIsImV4cCI6MTY1MDExNTEzNC43MzcsImlwIjoiOjoxIiwidWEiOiJNb3ppbGxhLzUuMCAoV2luZG93cyBOVCAxMC4wOyBXaW42NDsgeDY0KSBBcHBsZVdlYktpdC81MzcuMzYgKEtIVE1MLCBsaWtlIEdlY2tvKSBDaHJvbWUvOTkuMC40ODQ0LjUxIFNhZmFyaS81MzcuMzYiLCJpYXQiOjE2NDc0MzY3MzR9.6r0jHJLMB-FNTQ9v_ApP2hCUfriatjMJv-q9xIP6rAk', '2022-04-16 13:18:54', 1),
	(47, 1, '2022-03-16 14:20:26', 'eyJhbGciOiJIUzI1NiIsInR5cCI6IkpXVCJ9.eyJyb2xlIjoidXNlciIsImlkIjoxLCJpZGVudGl0eSI6InRlc3RAdGVzdC5iaCIsImV4cCI6MTY1MDExNTIyNi45MTIsImlwIjoiOjoxIiwidWEiOiJNb3ppbGxhLzUuMCAoV2luZG93cyBOVCAxMC4wOyBXaW42NDsgeDY0KSBBcHBsZVdlYktpdC81MzcuMzYgKEtIVE1MLCBsaWtlIEdlY2tvKSBDaHJvbWUvOTkuMC40ODQ0LjUxIFNhZmFyaS81MzcuMzYiLCJpYXQiOjE2NDc0MzY4MjZ9.0JVjJApYGnSicvUM5Gnn-jA0wD9yvhGTKv5EgP6nkQs', '2022-04-16 13:20:26', 1),
	(48, 1, '2022-03-16 14:20:31', 'eyJhbGciOiJIUzI1NiIsInR5cCI6IkpXVCJ9.eyJyb2xlIjoidXNlciIsImlkIjoxLCJpZGVudGl0eSI6InRlc3RAdGVzdC5iaCIsImV4cCI6MTY1MDExNTIzMS40NTgsImlwIjoiOjoxIiwidWEiOiJNb3ppbGxhLzUuMCAoV2luZG93cyBOVCAxMC4wOyBXaW42NDsgeDY0KSBBcHBsZVdlYktpdC81MzcuMzYgKEtIVE1MLCBsaWtlIEdlY2tvKSBDaHJvbWUvOTkuMC40ODQ0LjUxIFNhZmFyaS81MzcuMzYiLCJpYXQiOjE2NDc0MzY4MzF9.qb4rEBW5ZR6_ModGek2F3JrsxLyBInKIVvZPt-mly4w', '2022-04-16 13:20:31', 1),
	(49, 1, '2022-03-16 14:23:58', 'eyJhbGciOiJIUzI1NiIsInR5cCI6IkpXVCJ9.eyJyb2xlIjoidXNlciIsImlkIjoxLCJpZGVudGl0eSI6InRlc3RAdGVzdC5iaCIsImV4cCI6MTY1MDExNTQzOC4yMjEsImlwIjoiOjoxIiwidWEiOiJNb3ppbGxhLzUuMCAoV2luZG93cyBOVCAxMC4wOyBXaW42NDsgeDY0KSBBcHBsZVdlYktpdC81MzcuMzYgKEtIVE1MLCBsaWtlIEdlY2tvKSBDaHJvbWUvOTkuMC40ODQ0LjUxIFNhZmFyaS81MzcuMzYiLCJpYXQiOjE2NDc0MzcwMzh9.Niab9K-4zKambVS09flVdi-zKSgnaXxA4U9mT-UvqM0', '2022-04-16 13:23:58', 1),
	(50, 1, '2022-03-16 14:24:02', 'eyJhbGciOiJIUzI1NiIsInR5cCI6IkpXVCJ9.eyJyb2xlIjoidXNlciIsImlkIjoxLCJpZGVudGl0eSI6InRlc3RAdGVzdC5iaCIsImV4cCI6MTY1MDExNTQ0Mi41NzUsImlwIjoiOjoxIiwidWEiOiJNb3ppbGxhLzUuMCAoV2luZG93cyBOVCAxMC4wOyBXaW42NDsgeDY0KSBBcHBsZVdlYktpdC81MzcuMzYgKEtIVE1MLCBsaWtlIEdlY2tvKSBDaHJvbWUvOTkuMC40ODQ0LjUxIFNhZmFyaS81MzcuMzYiLCJpYXQiOjE2NDc0MzcwNDJ9.YnXH-EoWGuHcYQm8KTUW6C1wdE6RjdkKzqFANxHxEv4', '2022-04-16 13:24:02', 1),
	(51, 1, '2022-03-16 14:24:12', 'eyJhbGciOiJIUzI1NiIsInR5cCI6IkpXVCJ9.eyJyb2xlIjoidXNlciIsImlkIjoxLCJpZGVudGl0eSI6InRlc3RAdGVzdC5iaCIsImV4cCI6MTY1MDExNTQ1Mi40NDEsImlwIjoiOjoxIiwidWEiOiJNb3ppbGxhLzUuMCAoV2luZG93cyBOVCAxMC4wOyBXaW42NDsgeDY0KSBBcHBsZVdlYktpdC81MzcuMzYgKEtIVE1MLCBsaWtlIEdlY2tvKSBDaHJvbWUvOTkuMC40ODQ0LjUxIFNhZmFyaS81MzcuMzYiLCJpYXQiOjE2NDc0MzcwNTJ9.w1DNPUHaP2uI7hg3Q1KKHBgcAkdcKR6VqYLKa5ztuWY', '2022-04-16 13:24:12', 1),
	(52, 1, '2022-03-16 14:24:44', 'eyJhbGciOiJIUzI1NiIsInR5cCI6IkpXVCJ9.eyJyb2xlIjoidXNlciIsImlkIjoxLCJpZGVudGl0eSI6InRlc3RAdGVzdC5iaCIsImV4cCI6MTY1MDExNTQ4NC4yNTksImlwIjoiOjoxIiwidWEiOiJNb3ppbGxhLzUuMCAoV2luZG93cyBOVCAxMC4wOyBXaW42NDsgeDY0KSBBcHBsZVdlYktpdC81MzcuMzYgKEtIVE1MLCBsaWtlIEdlY2tvKSBDaHJvbWUvOTkuMC40ODQ0LjUxIFNhZmFyaS81MzcuMzYiLCJpYXQiOjE2NDc0MzcwODR9.Yj73pNs7h2SqedGezLQiPHr9s2MDjrUMYi41SVs9gho', '2022-04-16 13:24:44', 1),
	(53, 1, '2022-03-16 14:24:46', 'eyJhbGciOiJIUzI1NiIsInR5cCI6IkpXVCJ9.eyJyb2xlIjoidXNlciIsImlkIjoxLCJpZGVudGl0eSI6InRlc3RAdGVzdC5iaCIsImV4cCI6MTY1MDExNTQ4Ni41MDcsImlwIjoiOjoxIiwidWEiOiJNb3ppbGxhLzUuMCAoV2luZG93cyBOVCAxMC4wOyBXaW42NDsgeDY0KSBBcHBsZVdlYktpdC81MzcuMzYgKEtIVE1MLCBsaWtlIEdlY2tvKSBDaHJvbWUvOTkuMC40ODQ0LjUxIFNhZmFyaS81MzcuMzYiLCJpYXQiOjE2NDc0MzcwODZ9.C-pI9LXAs_P2U4bA0B1KZHZStOVrZ87EF8Im2KZMJxM', '2022-04-16 13:24:46', 1),
	(54, 1, '2022-03-16 14:24:48', 'eyJhbGciOiJIUzI1NiIsInR5cCI6IkpXVCJ9.eyJyb2xlIjoidXNlciIsImlkIjoxLCJpZGVudGl0eSI6InRlc3RAdGVzdC5iaCIsImV4cCI6MTY1MDExNTQ4OC4xNTQsImlwIjoiOjoxIiwidWEiOiJNb3ppbGxhLzUuMCAoV2luZG93cyBOVCAxMC4wOyBXaW42NDsgeDY0KSBBcHBsZVdlYktpdC81MzcuMzYgKEtIVE1MLCBsaWtlIEdlY2tvKSBDaHJvbWUvOTkuMC40ODQ0LjUxIFNhZmFyaS81MzcuMzYiLCJpYXQiOjE2NDc0MzcwODh9.KzKugRjgmUqXg9EbyGPn4gsYDHqrxxdmSKacynm4Nhg', '2022-04-16 13:24:48', 1),
	(55, 1, '2022-03-16 14:24:59', 'eyJhbGciOiJIUzI1NiIsInR5cCI6IkpXVCJ9.eyJyb2xlIjoidXNlciIsImlkIjoxLCJpZGVudGl0eSI6InRlc3RAdGVzdC5iaCIsImV4cCI6MTY1MDExNTQ5OS41NzUsImlwIjoiOjoxIiwidWEiOiJNb3ppbGxhLzUuMCAoV2luZG93cyBOVCAxMC4wOyBXaW42NDsgeDY0KSBBcHBsZVdlYktpdC81MzcuMzYgKEtIVE1MLCBsaWtlIEdlY2tvKSBDaHJvbWUvOTkuMC40ODQ0LjUxIFNhZmFyaS81MzcuMzYiLCJpYXQiOjE2NDc0MzcwOTl9.3KTRqmrgO4hEgbgiVI0Z1M4S-cuBxW5kXqwLA9K9ybQ', '2022-04-16 13:24:59', 1),
	(56, 1, '2022-03-16 14:26:36', 'eyJhbGciOiJIUzI1NiIsInR5cCI6IkpXVCJ9.eyJyb2xlIjoidXNlciIsImlkIjoxLCJpZGVudGl0eSI6InRlc3RAdGVzdC5iaCIsImV4cCI6MTY1MDExNTU5Ni45NTcsImlwIjoiOjoxIiwidWEiOiJNb3ppbGxhLzUuMCAoV2luZG93cyBOVCAxMC4wOyBXaW42NDsgeDY0KSBBcHBsZVdlYktpdC81MzcuMzYgKEtIVE1MLCBsaWtlIEdlY2tvKSBDaHJvbWUvOTkuMC40ODQ0LjUxIFNhZmFyaS81MzcuMzYiLCJpYXQiOjE2NDc0MzcxOTZ9.f9gAYqNlf1cc2kjgrtPqTnUXPK5wsQBlGTrvvkl3zyM', '2022-04-16 13:26:36', 1),
	(57, 1, '2022-03-16 14:26:38', 'eyJhbGciOiJIUzI1NiIsInR5cCI6IkpXVCJ9.eyJyb2xlIjoidXNlciIsImlkIjoxLCJpZGVudGl0eSI6InRlc3RAdGVzdC5iaCIsImV4cCI6MTY1MDExNTU5OC43MzYsImlwIjoiOjoxIiwidWEiOiJNb3ppbGxhLzUuMCAoV2luZG93cyBOVCAxMC4wOyBXaW42NDsgeDY0KSBBcHBsZVdlYktpdC81MzcuMzYgKEtIVE1MLCBsaWtlIEdlY2tvKSBDaHJvbWUvOTkuMC40ODQ0LjUxIFNhZmFyaS81MzcuMzYiLCJpYXQiOjE2NDc0MzcxOTh9.wO5ebKRkumlnS8UIB0ETulH3fRMIQy0-VV_rb7hxD-g', '2022-04-16 13:26:38', 1),
	(58, 1, '2022-03-16 14:26:40', 'eyJhbGciOiJIUzI1NiIsInR5cCI6IkpXVCJ9.eyJyb2xlIjoidXNlciIsImlkIjoxLCJpZGVudGl0eSI6InRlc3RAdGVzdC5iaCIsImV4cCI6MTY1MDExNTYwMC40NCwiaXAiOiI6OjEiLCJ1YSI6Ik1vemlsbGEvNS4wIChXaW5kb3dzIE5UIDEwLjA7IFdpbjY0OyB4NjQpIEFwcGxlV2ViS2l0LzUzNy4zNiAoS0hUTUwsIGxpa2UgR2Vja28pIENocm9tZS85OS4wLjQ4NDQuNTEgU2FmYXJpLzUzNy4zNiIsImlhdCI6MTY0NzQzNzIwMH0.fm3At4TpLHFoQ49LRQvwkCG0UCDWuf-LJv85jrYRcI8', '2022-04-16 13:26:40', 1),
	(59, 1, '2022-03-16 14:26:41', 'eyJhbGciOiJIUzI1NiIsInR5cCI6IkpXVCJ9.eyJyb2xlIjoidXNlciIsImlkIjoxLCJpZGVudGl0eSI6InRlc3RAdGVzdC5iaCIsImV4cCI6MTY1MDExNTYwMS4yODksImlwIjoiOjoxIiwidWEiOiJNb3ppbGxhLzUuMCAoV2luZG93cyBOVCAxMC4wOyBXaW42NDsgeDY0KSBBcHBsZVdlYktpdC81MzcuMzYgKEtIVE1MLCBsaWtlIEdlY2tvKSBDaHJvbWUvOTkuMC40ODQ0LjUxIFNhZmFyaS81MzcuMzYiLCJpYXQiOjE2NDc0MzcyMDF9.QosKhL6YKXTetEDX0sUSjNFtgPDmYOIbi6FL9LvpcYw', '2022-04-16 13:26:41', 1),
	(60, 1, '2022-03-16 14:26:41', 'eyJhbGciOiJIUzI1NiIsInR5cCI6IkpXVCJ9.eyJyb2xlIjoidXNlciIsImlkIjoxLCJpZGVudGl0eSI6InRlc3RAdGVzdC5iaCIsImV4cCI6MTY1MDExNTYwMS43MTEsImlwIjoiOjoxIiwidWEiOiJNb3ppbGxhLzUuMCAoV2luZG93cyBOVCAxMC4wOyBXaW42NDsgeDY0KSBBcHBsZVdlYktpdC81MzcuMzYgKEtIVE1MLCBsaWtlIEdlY2tvKSBDaHJvbWUvOTkuMC40ODQ0LjUxIFNhZmFyaS81MzcuMzYiLCJpYXQiOjE2NDc0MzcyMDF9.VVV6TlfHtzSe0M6_dAu15B3-3sb03VzJnYChH_pBG8I', '2022-04-16 13:26:41', 1),
	(61, 1, '2022-03-16 14:26:43', 'eyJhbGciOiJIUzI1NiIsInR5cCI6IkpXVCJ9.eyJyb2xlIjoidXNlciIsImlkIjoxLCJpZGVudGl0eSI6InRlc3RAdGVzdC5iaCIsImV4cCI6MTY1MDExNTYwMy4wMjcsImlwIjoiOjoxIiwidWEiOiJNb3ppbGxhLzUuMCAoV2luZG93cyBOVCAxMC4wOyBXaW42NDsgeDY0KSBBcHBsZVdlYktpdC81MzcuMzYgKEtIVE1MLCBsaWtlIEdlY2tvKSBDaHJvbWUvOTkuMC40ODQ0LjUxIFNhZmFyaS81MzcuMzYiLCJpYXQiOjE2NDc0MzcyMDN9.1eq2VKIX9WgU1E-PBSAi97mMClE-3Ocy5bI-bDYD8xE', '2022-04-16 13:26:43', 1),
	(62, 1, '2022-03-16 14:27:05', 'eyJhbGciOiJIUzI1NiIsInR5cCI6IkpXVCJ9.eyJyb2xlIjoidXNlciIsImlkIjoxLCJpZGVudGl0eSI6InRlc3RAdGVzdC5iaCIsImV4cCI6MTY1MDExNTYyNS42MiwiaXAiOiI6OjEiLCJ1YSI6Ik1vemlsbGEvNS4wIChXaW5kb3dzIE5UIDEwLjA7IFdpbjY0OyB4NjQpIEFwcGxlV2ViS2l0LzUzNy4zNiAoS0hUTUwsIGxpa2UgR2Vja28pIENocm9tZS85OS4wLjQ4NDQuNTEgU2FmYXJpLzUzNy4zNiIsImlhdCI6MTY0NzQzNzIyNX0.qt4aYwaFygahcftf2D7zLcnVtNAZoMDHIOCFIVLtD38', '2022-04-16 13:27:05', 1),
	(63, 1, '2022-03-16 14:27:09', 'eyJhbGciOiJIUzI1NiIsInR5cCI6IkpXVCJ9.eyJyb2xlIjoidXNlciIsImlkIjoxLCJpZGVudGl0eSI6InRlc3RAdGVzdC5iaCIsImV4cCI6MTY1MDExNTYyOS44MzcsImlwIjoiOjoxIiwidWEiOiJNb3ppbGxhLzUuMCAoV2luZG93cyBOVCAxMC4wOyBXaW42NDsgeDY0KSBBcHBsZVdlYktpdC81MzcuMzYgKEtIVE1MLCBsaWtlIEdlY2tvKSBDaHJvbWUvOTkuMC40ODQ0LjUxIFNhZmFyaS81MzcuMzYiLCJpYXQiOjE2NDc0MzcyMjl9.duQT8p5cS6KZomvIzCehjSlJefuTBfNl5O5egOLXRLA', '2022-04-16 13:27:09', 1),
	(64, 1, '2022-03-16 14:27:43', 'eyJhbGciOiJIUzI1NiIsInR5cCI6IkpXVCJ9.eyJyb2xlIjoidXNlciIsImlkIjoxLCJpZGVudGl0eSI6InRlc3RAdGVzdC5iaCIsImV4cCI6MTY1MDExNTY2My4zODMsImlwIjoiOjoxIiwidWEiOiJNb3ppbGxhLzUuMCAoV2luZG93cyBOVCAxMC4wOyBXaW42NDsgeDY0KSBBcHBsZVdlYktpdC81MzcuMzYgKEtIVE1MLCBsaWtlIEdlY2tvKSBDaHJvbWUvOTkuMC40ODQ0LjUxIFNhZmFyaS81MzcuMzYiLCJpYXQiOjE2NDc0MzcyNjN9.apbQE9J9aGgdYOknQW-9b3fasqxK2y0ciKCuVRYLRqM', '2022-04-16 13:27:43', 1),
	(65, 1, '2022-03-16 14:27:43', 'eyJhbGciOiJIUzI1NiIsInR5cCI6IkpXVCJ9.eyJyb2xlIjoidXNlciIsImlkIjoxLCJpZGVudGl0eSI6InRlc3RAdGVzdC5iaCIsImV4cCI6MTY1MDExNTY2My44NzMsImlwIjoiOjoxIiwidWEiOiJNb3ppbGxhLzUuMCAoV2luZG93cyBOVCAxMC4wOyBXaW42NDsgeDY0KSBBcHBsZVdlYktpdC81MzcuMzYgKEtIVE1MLCBsaWtlIEdlY2tvKSBDaHJvbWUvOTkuMC40ODQ0LjUxIFNhZmFyaS81MzcuMzYiLCJpYXQiOjE2NDc0MzcyNjN9.k_6kr7i2PyRsw7eaoYybrFXNmNyJAs5TyCf9RG48Quo', '2022-04-16 13:27:43', 1),
	(66, 1, '2022-03-16 14:31:40', 'eyJhbGciOiJIUzI1NiIsInR5cCI6IkpXVCJ9.eyJyb2xlIjoidXNlciIsImlkIjoxLCJpZGVudGl0eSI6InRlc3RAdGVzdC5iaCIsImV4cCI6MTY1MDExNTkwMC4zNjUsImlwIjoiOjoxIiwidWEiOiJNb3ppbGxhLzUuMCAoV2luZG93cyBOVCAxMC4wOyBXaW42NDsgeDY0KSBBcHBsZVdlYktpdC81MzcuMzYgKEtIVE1MLCBsaWtlIEdlY2tvKSBDaHJvbWUvOTkuMC40ODQ0LjUxIFNhZmFyaS81MzcuMzYiLCJpYXQiOjE2NDc0Mzc1MDB9.DGaJKOT7nW6AQ1egSXxaJq1Anwe85XbK6g-4I9SV318', '2022-04-16 13:31:40', 1),
	(67, 1, '2022-03-16 14:31:45', 'eyJhbGciOiJIUzI1NiIsInR5cCI6IkpXVCJ9.eyJyb2xlIjoidXNlciIsImlkIjoxLCJpZGVudGl0eSI6InRlc3RAdGVzdC5iaCIsImV4cCI6MTY1MDExNTkwNS45MDUsImlwIjoiOjoxIiwidWEiOiJNb3ppbGxhLzUuMCAoV2luZG93cyBOVCAxMC4wOyBXaW42NDsgeDY0KSBBcHBsZVdlYktpdC81MzcuMzYgKEtIVE1MLCBsaWtlIEdlY2tvKSBDaHJvbWUvOTkuMC40ODQ0LjUxIFNhZmFyaS81MzcuMzYiLCJpYXQiOjE2NDc0Mzc1MDV9.CfqT8fOlBFT6oMU4KaYS0L7aHytoe-10QcH0hfSOO3Q', '2022-04-16 13:31:45', 1),
	(68, 1, '2022-03-16 14:32:11', 'eyJhbGciOiJIUzI1NiIsInR5cCI6IkpXVCJ9.eyJyb2xlIjoidXNlciIsImlkIjoxLCJpZGVudGl0eSI6InRlc3RAdGVzdC5iaCIsImV4cCI6MTY1MDExNTkzMS44MjksImlwIjoiOjoxIiwidWEiOiJNb3ppbGxhLzUuMCAoV2luZG93cyBOVCAxMC4wOyBXaW42NDsgeDY0KSBBcHBsZVdlYktpdC81MzcuMzYgKEtIVE1MLCBsaWtlIEdlY2tvKSBDaHJvbWUvOTkuMC40ODQ0LjUxIFNhZmFyaS81MzcuMzYiLCJpYXQiOjE2NDc0Mzc1MzF9.T3AMojOgT9-TizA1IQhDU0_VOCKSWNGN1n_TYjcU3SQ', '2022-04-16 13:32:11', 1),
	(69, 1, '2022-03-16 14:32:26', 'eyJhbGciOiJIUzI1NiIsInR5cCI6IkpXVCJ9.eyJyb2xlIjoidXNlciIsImlkIjoxLCJpZGVudGl0eSI6InRlc3RAdGVzdC5iaCIsImV4cCI6MTY1MDExNTk0Ni4yMzcsImlwIjoiOjoxIiwidWEiOiJNb3ppbGxhLzUuMCAoV2luZG93cyBOVCAxMC4wOyBXaW42NDsgeDY0KSBBcHBsZVdlYktpdC81MzcuMzYgKEtIVE1MLCBsaWtlIEdlY2tvKSBDaHJvbWUvOTkuMC40ODQ0LjUxIFNhZmFyaS81MzcuMzYiLCJpYXQiOjE2NDc0Mzc1NDZ9.C5Pj2fkrg-qnzu6lolAhVwr3CVwPOwSLuoVJ8S4F7GI', '2022-04-16 13:32:26', 1),
	(70, 1, '2022-03-16 19:26:16', 'eyJhbGciOiJIUzI1NiIsInR5cCI6IkpXVCJ9.eyJyb2xlIjoidXNlciIsImlkIjoxLCJpZGVudGl0eSI6InRlc3RAdGVzdC5iaCIsImV4cCI6MTY1MDEzMzU3Ni45MywiaXAiOiI6OjEiLCJ1YSI6Ik1vemlsbGEvNS4wIChXaW5kb3dzIE5UIDEwLjA7IFdpbjY0OyB4NjQpIEFwcGxlV2ViS2l0LzUzNy4zNiAoS0hUTUwsIGxpa2UgR2Vja28pIENocm9tZS85OS4wLjQ4NDQuNTEgU2FmYXJpLzUzNy4zNiIsImlhdCI6MTY0NzQ1NTE3Nn0.CI0KwgEwkwcKFWeYEn1PuP7kAcvsTbmmK8rJ4yglNZk', '2022-04-16 18:26:16', 1),
	(71, 1, '2022-03-16 19:26:18', 'eyJhbGciOiJIUzI1NiIsInR5cCI6IkpXVCJ9.eyJyb2xlIjoidXNlciIsImlkIjoxLCJpZGVudGl0eSI6InRlc3RAdGVzdC5iaCIsImV4cCI6MTY1MDEzMzU3OC4xMDUsImlwIjoiOjoxIiwidWEiOiJNb3ppbGxhLzUuMCAoV2luZG93cyBOVCAxMC4wOyBXaW42NDsgeDY0KSBBcHBsZVdlYktpdC81MzcuMzYgKEtIVE1MLCBsaWtlIEdlY2tvKSBDaHJvbWUvOTkuMC40ODQ0LjUxIFNhZmFyaS81MzcuMzYiLCJpYXQiOjE2NDc0NTUxNzh9.pPEzz_puucFSoYHE7imbgXdBH4fNbPauhNUZcljTjRw', '2022-04-16 18:26:18', 1),
	(72, 1, '2022-03-16 19:26:20', 'eyJhbGciOiJIUzI1NiIsInR5cCI6IkpXVCJ9.eyJyb2xlIjoidXNlciIsImlkIjoxLCJpZGVudGl0eSI6InRlc3RAdGVzdC5iaCIsImV4cCI6MTY1MDEzMzU4MC42NzcsImlwIjoiOjoxIiwidWEiOiJNb3ppbGxhLzUuMCAoV2luZG93cyBOVCAxMC4wOyBXaW42NDsgeDY0KSBBcHBsZVdlYktpdC81MzcuMzYgKEtIVE1MLCBsaWtlIEdlY2tvKSBDaHJvbWUvOTkuMC40ODQ0LjUxIFNhZmFyaS81MzcuMzYiLCJpYXQiOjE2NDc0NTUxODB9.wnsU_TXbfj-g4xMCGWaFEzGNhrwT06mLTGfyNlKyRGc', '2022-04-16 18:26:20', 1),
	(73, 1, '2022-03-16 19:26:21', 'eyJhbGciOiJIUzI1NiIsInR5cCI6IkpXVCJ9.eyJyb2xlIjoidXNlciIsImlkIjoxLCJpZGVudGl0eSI6InRlc3RAdGVzdC5iaCIsImV4cCI6MTY1MDEzMzU4MS41OTMsImlwIjoiOjoxIiwidWEiOiJNb3ppbGxhLzUuMCAoV2luZG93cyBOVCAxMC4wOyBXaW42NDsgeDY0KSBBcHBsZVdlYktpdC81MzcuMzYgKEtIVE1MLCBsaWtlIEdlY2tvKSBDaHJvbWUvOTkuMC40ODQ0LjUxIFNhZmFyaS81MzcuMzYiLCJpYXQiOjE2NDc0NTUxODF9.wh72QH7QLheXrhZ8e8MtBDw2E1hkEccvxTiJ83ggY5o', '2022-04-16 18:26:21', 1),
	(74, 1, '2022-03-16 19:26:47', 'eyJhbGciOiJIUzI1NiIsInR5cCI6IkpXVCJ9.eyJyb2xlIjoidXNlciIsImlkIjoxLCJpZGVudGl0eSI6InRlc3RAdGVzdC5iaCIsImV4cCI6MTY1MDEzMzYwNy43NjUsImlwIjoiOjoxIiwidWEiOiJNb3ppbGxhLzUuMCAoV2luZG93cyBOVCAxMC4wOyBXaW42NDsgeDY0KSBBcHBsZVdlYktpdC81MzcuMzYgKEtIVE1MLCBsaWtlIEdlY2tvKSBDaHJvbWUvOTkuMC40ODQ0LjUxIFNhZmFyaS81MzcuMzYiLCJpYXQiOjE2NDc0NTUyMDd9.HlwTu1OedApnaPvdjOkQvWux5z2VjSGSc4QXfNaz4UQ', '2022-04-16 18:26:47', 1),
	(75, 1, '2022-03-16 19:28:46', 'eyJhbGciOiJIUzI1NiIsInR5cCI6IkpXVCJ9.eyJyb2xlIjoidXNlciIsImlkIjoxLCJpZGVudGl0eSI6InRlc3RAdGVzdC5iaCIsImV4cCI6MTY1MDEzMzcyNi4wNTEsImlwIjoiOjoxIiwidWEiOiJNb3ppbGxhLzUuMCAoV2luZG93cyBOVCAxMC4wOyBXaW42NDsgeDY0KSBBcHBsZVdlYktpdC81MzcuMzYgKEtIVE1MLCBsaWtlIEdlY2tvKSBDaHJvbWUvOTkuMC40ODQ0LjUxIFNhZmFyaS81MzcuMzYiLCJpYXQiOjE2NDc0NTUzMjZ9.-ImWsmVh2vWVjcwIQfel9PEs0FcwNL2soakSK3cMX9s', '2022-04-16 18:28:46', 1),
	(76, 1, '2022-03-16 19:30:35', 'eyJhbGciOiJIUzI1NiIsInR5cCI6IkpXVCJ9.eyJyb2xlIjoidXNlciIsImlkIjoxLCJpZGVudGl0eSI6InRlc3RAdGVzdC5iaCIsImV4cCI6MTY1MDEzMzgzNS45NDIsImlwIjoiOjoxIiwidWEiOiJNb3ppbGxhLzUuMCAoV2luZG93cyBOVCAxMC4wOyBXaW42NDsgeDY0KSBBcHBsZVdlYktpdC81MzcuMzYgKEtIVE1MLCBsaWtlIEdlY2tvKSBDaHJvbWUvOTkuMC40ODQ0LjUxIFNhZmFyaS81MzcuMzYiLCJpYXQiOjE2NDc0NTU0MzV9.yvOEzpsdbV10wEZVQ0UETfO0zqaUcTo_-T03ekEW_bM', '2022-04-16 18:30:35', 1),
	(77, 1, '2022-03-16 19:32:10', 'eyJhbGciOiJIUzI1NiIsInR5cCI6IkpXVCJ9.eyJyb2xlIjoidXNlciIsImlkIjoxLCJpZGVudGl0eSI6InRlc3RAdGVzdC5iaCIsImV4cCI6MTY1MDEzMzkzMC43OTcsImlwIjoiOjoxIiwidWEiOiJNb3ppbGxhLzUuMCAoV2luZG93cyBOVCAxMC4wOyBXaW42NDsgeDY0KSBBcHBsZVdlYktpdC81MzcuMzYgKEtIVE1MLCBsaWtlIEdlY2tvKSBDaHJvbWUvOTkuMC40ODQ0LjUxIFNhZmFyaS81MzcuMzYiLCJpYXQiOjE2NDc0NTU1MzB9.YscmEM2I1rrNF4_6rfeSFFRK5siV9ebuKWIijs_4tTo', '2022-04-16 18:32:10', 1),
	(78, 1, '2022-03-16 19:34:13', 'eyJhbGciOiJIUzI1NiIsInR5cCI6IkpXVCJ9.eyJyb2xlIjoidXNlciIsImlkIjoxLCJpZGVudGl0eSI6InRlc3RAdGVzdC5iaCIsImV4cCI6MTY1MDEzNDA1My4yNjQsImlwIjoiOjoxIiwidWEiOiJNb3ppbGxhLzUuMCAoV2luZG93cyBOVCAxMC4wOyBXaW42NDsgeDY0KSBBcHBsZVdlYktpdC81MzcuMzYgKEtIVE1MLCBsaWtlIEdlY2tvKSBDaHJvbWUvOTkuMC40ODQ0LjUxIFNhZmFyaS81MzcuMzYiLCJpYXQiOjE2NDc0NTU2NTN9.AGBrY-1c9IA64J_swc3CpzEBCq5jwI3tQ_nyyLzRkI8', '2022-04-16 18:34:13', 1),
	(79, 1, '2022-03-16 19:37:13', 'eyJhbGciOiJIUzI1NiIsInR5cCI6IkpXVCJ9.eyJyb2xlIjoidXNlciIsImlkIjoxLCJpZGVudGl0eSI6InRlc3RAdGVzdC5iaCIsImV4cCI6MTY1MDEzNDIzMy4xMTUsImlwIjoiOjoxIiwidWEiOiJNb3ppbGxhLzUuMCAoV2luZG93cyBOVCAxMC4wOyBXaW42NDsgeDY0KSBBcHBsZVdlYktpdC81MzcuMzYgKEtIVE1MLCBsaWtlIEdlY2tvKSBDaHJvbWUvOTkuMC40ODQ0LjUxIFNhZmFyaS81MzcuMzYiLCJpYXQiOjE2NDc0NTU4MzN9.3O4UloCVjRiQmi3tvXDfIIwI3R5BhtsPiREtPAx8qoU', '2022-04-16 18:37:13', 1),
	(80, 1, '2022-03-16 19:38:18', 'eyJhbGciOiJIUzI1NiIsInR5cCI6IkpXVCJ9.eyJyb2xlIjoidXNlciIsImlkIjoxLCJpZGVudGl0eSI6InRlc3RAdGVzdC5iaCIsImV4cCI6MTY1MDEzNDI5OC44MzQsImlwIjoiOjoxIiwidWEiOiJNb3ppbGxhLzUuMCAoV2luZG93cyBOVCAxMC4wOyBXaW42NDsgeDY0KSBBcHBsZVdlYktpdC81MzcuMzYgKEtIVE1MLCBsaWtlIEdlY2tvKSBDaHJvbWUvOTkuMC40ODQ0LjUxIFNhZmFyaS81MzcuMzYiLCJpYXQiOjE2NDc0NTU4OTh9.v3g0pc2hi_T1PxCP2Op9TuC4QFkWc2WL_96qaJYAzgU', '2022-04-16 18:38:18', 1),
	(81, 1, '2022-03-16 19:47:38', 'eyJhbGciOiJIUzI1NiIsInR5cCI6IkpXVCJ9.eyJyb2xlIjoidXNlciIsImlkIjoxLCJpZGVudGl0eSI6InRlc3RAdGVzdC5iaCIsImV4cCI6MTY1MDEzNDg1OC43NTksImlwIjoiOjoxIiwidWEiOiJNb3ppbGxhLzUuMCAoV2luZG93cyBOVCAxMC4wOyBXaW42NDsgeDY0KSBBcHBsZVdlYktpdC81MzcuMzYgKEtIVE1MLCBsaWtlIEdlY2tvKSBDaHJvbWUvOTkuMC40ODQ0LjUxIFNhZmFyaS81MzcuMzYiLCJpYXQiOjE2NDc0NTY0NTh9.or0y2yReFLt-nkLoP_WOyncvqIEA9TLvcR4GfWmN1DE', '2022-04-16 18:47:38', 1),
	(82, 1, '2022-03-18 15:15:06', 'eyJhbGciOiJIUzI1NiIsInR5cCI6IkpXVCJ9.eyJyb2xlIjoidXNlciIsImlkIjoxLCJpZGVudGl0eSI6InRlc3RAdGVzdC5iaCIsImV4cCI6MTY1MDI5MTMwNi42MjcsImlwIjoiOjoxIiwidWEiOiJNb3ppbGxhLzUuMCAoV2luZG93cyBOVCAxMC4wOyBXaW42NDsgeDY0KSBBcHBsZVdlYktpdC81MzcuMzYgKEtIVE1MLCBsaWtlIEdlY2tvKSBDaHJvbWUvOTkuMC40ODQ0Ljc0IFNhZmFyaS81MzcuMzYiLCJpYXQiOjE2NDc2MTI5MDZ9.ov1jeENkcBjdleVQWkq7P5IA0yQ1E3PAes55mn-1yAY', '2022-04-18 14:15:06', 1),
	(83, 1, '2022-03-18 15:15:27', 'eyJhbGciOiJIUzI1NiIsInR5cCI6IkpXVCJ9.eyJyb2xlIjoidXNlciIsImlkIjoxLCJpZGVudGl0eSI6InRlc3RAdGVzdC5iaCIsImV4cCI6MTY1MDI5MTMyNy41NzcsImlwIjoiOjoxIiwidWEiOiJNb3ppbGxhLzUuMCAoV2luZG93cyBOVCAxMC4wOyBXaW42NDsgeDY0KSBBcHBsZVdlYktpdC81MzcuMzYgKEtIVE1MLCBsaWtlIEdlY2tvKSBDaHJvbWUvOTkuMC40ODQ0Ljc0IFNhZmFyaS81MzcuMzYiLCJpYXQiOjE2NDc2MTI5Mjd9.IWKgQXZZjxorXdjG0cBkMynMgCgVZueLEZQEgnu5-nw', '2022-04-18 14:15:27', 1),
	(84, 1, '2022-03-18 15:16:53', 'eyJhbGciOiJIUzI1NiIsInR5cCI6IkpXVCJ9.eyJyb2xlIjoidXNlciIsImlkIjoxLCJpZGVudGl0eSI6InRlc3RAdGVzdC5iaCIsImV4cCI6MTY1MDI5MTQxMy4xMTUsImlwIjoiOjoxIiwidWEiOiJNb3ppbGxhLzUuMCAoV2luZG93cyBOVCAxMC4wOyBXaW42NDsgeDY0KSBBcHBsZVdlYktpdC81MzcuMzYgKEtIVE1MLCBsaWtlIEdlY2tvKSBDaHJvbWUvOTkuMC40ODQ0Ljc0IFNhZmFyaS81MzcuMzYiLCJpYXQiOjE2NDc2MTMwMTN9.usgyWHty-Ty6JFOkKTjR1lCJeKDBVSNVFJCzbxqCoxk', '2022-04-18 14:16:53', 1),
	(85, 1, '2022-03-18 15:21:14', 'eyJhbGciOiJIUzI1NiIsInR5cCI6IkpXVCJ9.eyJyb2xlIjoidXNlciIsImlkIjoxLCJpZGVudGl0eSI6InRlc3RAdGVzdC5iaCIsImV4cCI6MTY1MDI5MTY3NC4yNzksImlwIjoiOjoxIiwidWEiOiJNb3ppbGxhLzUuMCAoV2luZG93cyBOVCAxMC4wOyBXaW42NDsgeDY0KSBBcHBsZVdlYktpdC81MzcuMzYgKEtIVE1MLCBsaWtlIEdlY2tvKSBDaHJvbWUvOTkuMC40ODQ0Ljc0IFNhZmFyaS81MzcuMzYiLCJpYXQiOjE2NDc2MTMyNzR9.i36nyKKtSo_BmBB0XyR_tHkTjK8ByPw91GBFDFIIDHE', '2022-04-18 14:21:14', 1),
	(86, 1, '2022-03-18 21:38:38', 'eyJhbGciOiJIUzI1NiIsInR5cCI6IkpXVCJ9.eyJyb2xlIjoidXNlciIsImlkIjoxLCJpZGVudGl0eSI6InRlc3RAdGVzdC5iaCIsImV4cCI6MTY1MDMxNDMxNy45NzYsImlwIjoiOjoxIiwidWEiOiJNb3ppbGxhLzUuMCAoV2luZG93cyBOVCAxMC4wOyBXaW42NDsgeDY0KSBBcHBsZVdlYktpdC81MzcuMzYgKEtIVE1MLCBsaWtlIEdlY2tvKSBDaHJvbWUvOTkuMC40ODQ0Ljc0IFNhZmFyaS81MzcuMzYiLCJpYXQiOjE2NDc2MzU5MTd9.0GdrMGQCfMzivd_v7ERmN9nsf_pfNSwm677O-ZoME_s', '2022-04-18 20:38:37', 1),
	(87, 1, '2022-03-18 21:38:48', 'eyJhbGciOiJIUzI1NiIsInR5cCI6IkpXVCJ9.eyJyb2xlIjoidXNlciIsImlkIjoxLCJpZGVudGl0eSI6InRlc3RAdGVzdC5iaCIsImV4cCI6MTY1MDMxNDMyOC41MSwiaXAiOiI6OjEiLCJ1YSI6Ik1vemlsbGEvNS4wIChXaW5kb3dzIE5UIDEwLjA7IFdpbjY0OyB4NjQpIEFwcGxlV2ViS2l0LzUzNy4zNiAoS0hUTUwsIGxpa2UgR2Vja28pIENocm9tZS85OS4wLjQ4NDQuNzQgU2FmYXJpLzUzNy4zNiIsImlhdCI6MTY0NzYzNTkyOH0.3YA1YBL8dZDPTwsHbgEbIW5K1T7oBMwQlYEos-nonaI', '2022-04-18 20:38:48', 1),
	(88, 1, '2022-03-18 21:38:59', 'eyJhbGciOiJIUzI1NiIsInR5cCI6IkpXVCJ9.eyJyb2xlIjoidXNlciIsImlkIjoxLCJpZGVudGl0eSI6InRlc3RAdGVzdC5iaCIsImV4cCI6MTY1MDMxNDMzOS40NDgsImlwIjoiOjoxIiwidWEiOiJNb3ppbGxhLzUuMCAoV2luZG93cyBOVCAxMC4wOyBXaW42NDsgeDY0KSBBcHBsZVdlYktpdC81MzcuMzYgKEtIVE1MLCBsaWtlIEdlY2tvKSBDaHJvbWUvOTkuMC40ODQ0Ljc0IFNhZmFyaS81MzcuMzYiLCJpYXQiOjE2NDc2MzU5Mzl9.LUar8xuZHKBI-7mA2SLATVeiFcSKjDA5hRvkEby6wNI', '2022-04-18 20:38:59', 1),
	(89, 1, '2022-03-18 21:40:52', 'eyJhbGciOiJIUzI1NiIsInR5cCI6IkpXVCJ9.eyJyb2xlIjoidXNlciIsImlkIjoxLCJpZGVudGl0eSI6InRlc3RAdGVzdC5iaCIsImV4cCI6MTY1MDMxNDQ1Mi4zNjcsImlwIjoiOjoxIiwidWEiOiJNb3ppbGxhLzUuMCAoV2luZG93cyBOVCAxMC4wOyBXaW42NDsgeDY0KSBBcHBsZVdlYktpdC81MzcuMzYgKEtIVE1MLCBsaWtlIEdlY2tvKSBDaHJvbWUvOTkuMC40ODQ0Ljc0IFNhZmFyaS81MzcuMzYiLCJpYXQiOjE2NDc2MzYwNTJ9._BlxYdfwMaP75F91BRyJ0KTaXUfDLZ1hnSUp6Dr8vGA', '2022-04-18 20:40:52', 1),
	(90, 1, '2022-03-18 21:41:16', 'eyJhbGciOiJIUzI1NiIsInR5cCI6IkpXVCJ9.eyJyb2xlIjoidXNlciIsImlkIjoxLCJpZGVudGl0eSI6InRlc3RAdGVzdC5iaCIsImV4cCI6MTY1MDMxNDQ3Ni43NTIsImlwIjoiOjoxIiwidWEiOiJNb3ppbGxhLzUuMCAoV2luZG93cyBOVCAxMC4wOyBXaW42NDsgeDY0KSBBcHBsZVdlYktpdC81MzcuMzYgKEtIVE1MLCBsaWtlIEdlY2tvKSBDaHJvbWUvOTkuMC40ODQ0Ljc0IFNhZmFyaS81MzcuMzYiLCJpYXQiOjE2NDc2MzYwNzZ9.jb_a5MAyEJk6wlBKAq7yJI8wImjXa4yeDzhWgSq8DKI', '2022-04-18 20:41:16', 1),
	(91, 1, '2022-03-18 21:41:27', 'eyJhbGciOiJIUzI1NiIsInR5cCI6IkpXVCJ9.eyJyb2xlIjoidXNlciIsImlkIjoxLCJpZGVudGl0eSI6InRlc3RAdGVzdC5iaCIsImV4cCI6MTY1MDMxNDQ4Ny4yNDgsImlwIjoiOjoxIiwidWEiOiJNb3ppbGxhLzUuMCAoV2luZG93cyBOVCAxMC4wOyBXaW42NDsgeDY0KSBBcHBsZVdlYktpdC81MzcuMzYgKEtIVE1MLCBsaWtlIEdlY2tvKSBDaHJvbWUvOTkuMC40ODQ0Ljc0IFNhZmFyaS81MzcuMzYiLCJpYXQiOjE2NDc2MzYwODd9.wyerpUujaXuq0LiakWNsFdld5ubHZOoPCykBhe4jle4', '2022-04-18 20:41:27', 1),
	(92, 1, '2022-03-18 21:43:37', 'eyJhbGciOiJIUzI1NiIsInR5cCI6IkpXVCJ9.eyJyb2xlIjoidXNlciIsImlkIjoxLCJpZGVudGl0eSI6InRlc3RAdGVzdC5iaCIsImV4cCI6MTY1MDMxNDYxNy43MzUsImlwIjoiOjoxIiwidWEiOiJQb3N0bWFuUnVudGltZS83LjI5LjAiLCJpYXQiOjE2NDc2MzYyMTd9.irCcPVQ9KQawkWKDSjBeET55kw1xmhF9H-DSmJzqeOo', '2022-04-18 20:43:37', 1),
	(93, 1, '2022-03-18 22:36:02', 'eyJhbGciOiJIUzI1NiIsInR5cCI6IkpXVCJ9.eyJyb2xlIjoidXNlciIsImlkIjoxLCJpZGVudGl0eSI6InRlc3RAdGVzdC5iaCIsImV4cCI6MTY1MDMxNzc2Mi4zMSwiaXAiOiI6OjEiLCJ1YSI6IlBvc3RtYW5SdW50aW1lLzcuMjkuMCIsImlhdCI6MTY0NzYzOTM2Mn0.4NeLhNIs2EdSwlhPQqmNHEilF-685NPGRPd_i-ZN170', '2022-04-18 21:36:02', 1),
	(94, 1, '2022-03-18 22:40:28', 'eyJhbGciOiJIUzI1NiIsInR5cCI6IkpXVCJ9.eyJyb2xlIjoidXNlciIsImlkIjoxLCJpZGVudGl0eSI6InRlc3RAdGVzdC5iaCIsImV4cCI6MTY1MDMxODAyOC4yOTMsImlwIjoiOjoxIiwidWEiOiJNb3ppbGxhLzUuMCAoV2luZG93cyBOVCAxMC4wOyBXaW42NDsgeDY0KSBBcHBsZVdlYktpdC81MzcuMzYgKEtIVE1MLCBsaWtlIEdlY2tvKSBDaHJvbWUvOTkuMC40ODQ0Ljc0IFNhZmFyaS81MzcuMzYiLCJpYXQiOjE2NDc2Mzk2Mjh9.JKsUMJB4cXrWKb8s_dYGBHwB05u1CbCXepQMqubZpTI', '2022-04-18 21:40:28', 1),
	(95, 1, '2022-03-18 22:41:01', 'eyJhbGciOiJIUzI1NiIsInR5cCI6IkpXVCJ9.eyJyb2xlIjoidXNlciIsImlkIjoxLCJpZGVudGl0eSI6InRlc3RAdGVzdC5iaCIsImV4cCI6MTY1MDMxODA2MS4wOCwiaXAiOiI6OjEiLCJ1YSI6Ik1vemlsbGEvNS4wIChXaW5kb3dzIE5UIDEwLjA7IFdpbjY0OyB4NjQpIEFwcGxlV2ViS2l0LzUzNy4zNiAoS0hUTUwsIGxpa2UgR2Vja28pIENocm9tZS85OS4wLjQ4NDQuNzQgU2FmYXJpLzUzNy4zNiIsImlhdCI6MTY0NzYzOTY2MX0.JBYClN3c1XkBgVgxl6wOAyRzPQlTDZGpV5BncATZH2o', '2022-04-18 21:41:01', 1),
	(96, 1, '2022-03-20 16:12:44', 'eyJhbGciOiJIUzI1NiIsInR5cCI6IkpXVCJ9.eyJyb2xlIjoidXNlciIsImlkIjoxLCJpZGVudGl0eSI6InRlc3RAdGVzdC5iaCIsImV4cCI6MTY1MDQ2NzU2NC41OTMsImlwIjoiOjoxIiwidWEiOiJNb3ppbGxhLzUuMCAoV2luZG93cyBOVCAxMC4wOyBXaW42NDsgeDY0KSBBcHBsZVdlYktpdC81MzcuMzYgKEtIVE1MLCBsaWtlIEdlY2tvKSBDaHJvbWUvOTkuMC40ODQ0Ljc0IFNhZmFyaS81MzcuMzYiLCJpYXQiOjE2NDc3ODkxNjR9.I00tt747jA4K_81U0JB2Gnyfi0Dy7hxl_b3kiNqRbQA', '2022-04-20 15:12:44', 1),
	(97, 1, '2022-03-20 16:13:16', 'eyJhbGciOiJIUzI1NiIsInR5cCI6IkpXVCJ9.eyJyb2xlIjoidXNlciIsImlkIjoxLCJpZGVudGl0eSI6InRlc3RAdGVzdC5iaCIsImV4cCI6MTY1MDQ2NzU5Ni4zMTIsImlwIjoiOjoxIiwidWEiOiJNb3ppbGxhLzUuMCAoV2luZG93cyBOVCAxMC4wOyBXaW42NDsgeDY0KSBBcHBsZVdlYktpdC81MzcuMzYgKEtIVE1MLCBsaWtlIEdlY2tvKSBDaHJvbWUvOTkuMC40ODQ0Ljc0IFNhZmFyaS81MzcuMzYiLCJpYXQiOjE2NDc3ODkxOTZ9.Bi9pWteOZ8-_iWR3wzy5KMhfK4BWUh9bWLHCeukPTBY', '2022-04-20 15:13:16', 1),
	(98, 1, '2022-03-20 16:58:55', 'eyJhbGciOiJIUzI1NiIsInR5cCI6IkpXVCJ9.eyJyb2xlIjoidXNlciIsImlkIjoxLCJpZGVudGl0eSI6InRlc3RAdGVzdC5iaCIsImV4cCI6MTY1MDQ3MDMzNS4xMTIsImlwIjoiOjoxIiwidWEiOiJNb3ppbGxhLzUuMCAoV2luZG93cyBOVCAxMC4wOyBXaW42NDsgeDY0KSBBcHBsZVdlYktpdC81MzcuMzYgKEtIVE1MLCBsaWtlIEdlY2tvKSBDaHJvbWUvOTkuMC40ODQ0Ljc0IFNhZmFyaS81MzcuMzYiLCJpYXQiOjE2NDc3OTE5MzV9.dh2zzcOTsqlBr4xBBZmX9980xNrZ78666CAZhzsPuX0', '2022-04-20 15:58:55', 1),
	(99, 1, '2022-03-20 17:01:14', 'eyJhbGciOiJIUzI1NiIsInR5cCI6IkpXVCJ9.eyJyb2xlIjoidXNlciIsImlkIjoxLCJpZGVudGl0eSI6InRlc3RAdGVzdC5iaCIsImV4cCI6MTY1MDQ3MDQ3NC44OTcsImlwIjoiOjoxIiwidWEiOiJNb3ppbGxhLzUuMCAoV2luZG93cyBOVCAxMC4wOyBXaW42NDsgeDY0KSBBcHBsZVdlYktpdC81MzcuMzYgKEtIVE1MLCBsaWtlIEdlY2tvKSBDaHJvbWUvOTkuMC40ODQ0Ljc0IFNhZmFyaS81MzcuMzYiLCJpYXQiOjE2NDc3OTIwNzR9.E2ptqJsd7q3KbL1BO7bVHp_pz-qXMSKuN9u8IwX9iZM', '2022-04-20 16:01:14', 1),
	(100, 1, '2022-03-20 17:03:02', 'eyJhbGciOiJIUzI1NiIsInR5cCI6IkpXVCJ9.eyJyb2xlIjoidXNlciIsImlkIjoxLCJpZGVudGl0eSI6InRlc3RAdGVzdC5iaCIsImV4cCI6MTY1MDQ3MDU4Mi4xNjgsImlwIjoiOjoxIiwidWEiOiJNb3ppbGxhLzUuMCAoV2luZG93cyBOVCAxMC4wOyBXaW42NDsgeDY0KSBBcHBsZVdlYktpdC81MzcuMzYgKEtIVE1MLCBsaWtlIEdlY2tvKSBDaHJvbWUvOTkuMC40ODQ0Ljc0IFNhZmFyaS81MzcuMzYiLCJpYXQiOjE2NDc3OTIxODJ9.CltUgO2kwFhW_TMn_nTA79FagPjzLeBCc_Lr2lysLJs', '2022-04-20 16:03:02', 1),
	(101, 1, '2022-03-20 17:05:01', 'eyJhbGciOiJIUzI1NiIsInR5cCI6IkpXVCJ9.eyJyb2xlIjoidXNlciIsImlkIjoxLCJpZGVudGl0eSI6InRlc3RAdGVzdC5iaCIsImV4cCI6MTY1MDQ3MDcwMS41NTQsImlwIjoiOjoxIiwidWEiOiJNb3ppbGxhLzUuMCAoV2luZG93cyBOVCAxMC4wOyBXaW42NDsgeDY0KSBBcHBsZVdlYktpdC81MzcuMzYgKEtIVE1MLCBsaWtlIEdlY2tvKSBDaHJvbWUvOTkuMC40ODQ0Ljc0IFNhZmFyaS81MzcuMzYiLCJpYXQiOjE2NDc3OTIzMDF9.hwpFTKfpeihJax1ZG9LEsVob4xTwjPevH8elD6Xlp_w', '2022-04-20 16:05:01', 1),
	(102, 1, '2022-03-20 17:06:13', 'eyJhbGciOiJIUzI1NiIsInR5cCI6IkpXVCJ9.eyJyb2xlIjoidXNlciIsImlkIjoxLCJpZGVudGl0eSI6InRlc3RAdGVzdC5iaCIsImV4cCI6MTY1MDQ3MDc3My45ODMsImlwIjoiOjoxIiwidWEiOiJNb3ppbGxhLzUuMCAoV2luZG93cyBOVCAxMC4wOyBXaW42NDsgeDY0KSBBcHBsZVdlYktpdC81MzcuMzYgKEtIVE1MLCBsaWtlIEdlY2tvKSBDaHJvbWUvOTkuMC40ODQ0Ljc0IFNhZmFyaS81MzcuMzYiLCJpYXQiOjE2NDc3OTIzNzN9.lnkmtipSO1mC9KIgA6wKoMAOucLRBnRInumZ2QHa6gk', '2022-04-20 16:06:13', 1),
	(103, 1, '2022-03-20 17:06:18', 'eyJhbGciOiJIUzI1NiIsInR5cCI6IkpXVCJ9.eyJyb2xlIjoidXNlciIsImlkIjoxLCJpZGVudGl0eSI6InRlc3RAdGVzdC5iaCIsImV4cCI6MTY1MDQ3MDc3OC4zMzIsImlwIjoiOjoxIiwidWEiOiJNb3ppbGxhLzUuMCAoV2luZG93cyBOVCAxMC4wOyBXaW42NDsgeDY0KSBBcHBsZVdlYktpdC81MzcuMzYgKEtIVE1MLCBsaWtlIEdlY2tvKSBDaHJvbWUvOTkuMC40ODQ0Ljc0IFNhZmFyaS81MzcuMzYiLCJpYXQiOjE2NDc3OTIzNzh9.XGXfDoEcje_bBM2dUqIQTIrQ-EFDO7XW1VAuhsdCnhw', '2022-04-20 16:06:18', 1),
	(104, 1, '2022-03-20 17:19:34', 'eyJhbGciOiJIUzI1NiIsInR5cCI6IkpXVCJ9.eyJyb2xlIjoidXNlciIsImlkIjoxLCJpZGVudGl0eSI6InRlc3RAdGVzdC5iaCIsImV4cCI6MTY1MDQ3MTU3NC41NDMsImlwIjoiOjoxIiwidWEiOiJNb3ppbGxhLzUuMCAoV2luZG93cyBOVCAxMC4wOyBXaW42NDsgeDY0KSBBcHBsZVdlYktpdC81MzcuMzYgKEtIVE1MLCBsaWtlIEdlY2tvKSBDaHJvbWUvOTkuMC40ODQ0Ljc0IFNhZmFyaS81MzcuMzYiLCJpYXQiOjE2NDc3OTMxNzR9.14baivl9fJ8nssOgisnrgo6WZO-PreZtlIHw4i73pL8', '2022-04-20 16:19:34', 1),
	(105, 1, '2022-03-20 17:24:49', 'eyJhbGciOiJIUzI1NiIsInR5cCI6IkpXVCJ9.eyJyb2xlIjoidXNlciIsImlkIjoxLCJpZGVudGl0eSI6InRlc3RAdGVzdC5iaCIsImV4cCI6MTY1MDQ3MTg4OS4xMzksImlwIjoiOjoxIiwidWEiOiJNb3ppbGxhLzUuMCAoV2luZG93cyBOVCAxMC4wOyBXaW42NDsgeDY0KSBBcHBsZVdlYktpdC81MzcuMzYgKEtIVE1MLCBsaWtlIEdlY2tvKSBDaHJvbWUvOTkuMC40ODQ0Ljc0IFNhZmFyaS81MzcuMzYiLCJpYXQiOjE2NDc3OTM0ODl9.JJ6EGvZ9_Jc2BK6gegl11EnNuAcBw13jGXZ1ZK34rkA', '2022-04-20 16:24:49', 1),
	(106, 1, '2022-03-20 17:24:52', 'eyJhbGciOiJIUzI1NiIsInR5cCI6IkpXVCJ9.eyJyb2xlIjoidXNlciIsImlkIjoxLCJpZGVudGl0eSI6InRlc3RAdGVzdC5iaCIsImV4cCI6MTY1MDQ3MTg5Mi41MzgsImlwIjoiOjoxIiwidWEiOiJNb3ppbGxhLzUuMCAoV2luZG93cyBOVCAxMC4wOyBXaW42NDsgeDY0KSBBcHBsZVdlYktpdC81MzcuMzYgKEtIVE1MLCBsaWtlIEdlY2tvKSBDaHJvbWUvOTkuMC40ODQ0Ljc0IFNhZmFyaS81MzcuMzYiLCJpYXQiOjE2NDc3OTM0OTJ9.eHD0wrBUaohajVFIZ18ve0LW4GJNQsYY4FUhLAFY150', '2022-04-20 16:24:52', 1),
	(107, 1, '2022-03-20 17:24:54', 'eyJhbGciOiJIUzI1NiIsInR5cCI6IkpXVCJ9.eyJyb2xlIjoidXNlciIsImlkIjoxLCJpZGVudGl0eSI6InRlc3RAdGVzdC5iaCIsImV4cCI6MTY1MDQ3MTg5NC40NTQsImlwIjoiOjoxIiwidWEiOiJNb3ppbGxhLzUuMCAoV2luZG93cyBOVCAxMC4wOyBXaW42NDsgeDY0KSBBcHBsZVdlYktpdC81MzcuMzYgKEtIVE1MLCBsaWtlIEdlY2tvKSBDaHJvbWUvOTkuMC40ODQ0Ljc0IFNhZmFyaS81MzcuMzYiLCJpYXQiOjE2NDc3OTM0OTR9.suapjJdfFrZ6LwmKPySm5okNE1uDAc9_Grrjky22k_s', '2022-04-20 16:24:54', 1),
	(108, 1, '2022-03-20 17:24:56', 'eyJhbGciOiJIUzI1NiIsInR5cCI6IkpXVCJ9.eyJyb2xlIjoidXNlciIsImlkIjoxLCJpZGVudGl0eSI6InRlc3RAdGVzdC5iaCIsImV4cCI6MTY1MDQ3MTg5Ni43MzIsImlwIjoiOjoxIiwidWEiOiJNb3ppbGxhLzUuMCAoV2luZG93cyBOVCAxMC4wOyBXaW42NDsgeDY0KSBBcHBsZVdlYktpdC81MzcuMzYgKEtIVE1MLCBsaWtlIEdlY2tvKSBDaHJvbWUvOTkuMC40ODQ0Ljc0IFNhZmFyaS81MzcuMzYiLCJpYXQiOjE2NDc3OTM0OTZ9.kjkkxKjG3Ae2Na01f3U9V48uJeuQ4_SAoPm7VFTbL10', '2022-04-20 16:24:56', 1),
	(109, 1, '2022-03-20 17:25:03', 'eyJhbGciOiJIUzI1NiIsInR5cCI6IkpXVCJ9.eyJyb2xlIjoidXNlciIsImlkIjoxLCJpZGVudGl0eSI6InRlc3RAdGVzdC5iaCIsImV4cCI6MTY1MDQ3MTkwMy43MTgsImlwIjoiOjoxIiwidWEiOiJNb3ppbGxhLzUuMCAoV2luZG93cyBOVCAxMC4wOyBXaW42NDsgeDY0KSBBcHBsZVdlYktpdC81MzcuMzYgKEtIVE1MLCBsaWtlIEdlY2tvKSBDaHJvbWUvOTkuMC40ODQ0Ljc0IFNhZmFyaS81MzcuMzYiLCJpYXQiOjE2NDc3OTM1MDN9.fTlIYDatpwcpT1yRpcKiN8znqJ4oOemfHUkcDSGrV7M', '2022-04-20 16:25:03', 1),
	(110, 1, '2022-03-20 17:26:09', 'eyJhbGciOiJIUzI1NiIsInR5cCI6IkpXVCJ9.eyJyb2xlIjoidXNlciIsImlkIjoxLCJpZGVudGl0eSI6InRlc3RAdGVzdC5iaCIsImV4cCI6MTY1MDQ3MTk2OS4yNjUsImlwIjoiOjoxIiwidWEiOiJNb3ppbGxhLzUuMCAoV2luZG93cyBOVCAxMC4wOyBXaW42NDsgeDY0KSBBcHBsZVdlYktpdC81MzcuMzYgKEtIVE1MLCBsaWtlIEdlY2tvKSBDaHJvbWUvOTkuMC40ODQ0Ljc0IFNhZmFyaS81MzcuMzYiLCJpYXQiOjE2NDc3OTM1Njl9.v9ffD8o7jEIXBCa9n4pj2CoC1Xm_4ey3_XACGPQsJp0', '2022-04-20 16:26:09', 1),
	(111, 1, '2022-03-20 17:27:54', 'eyJhbGciOiJIUzI1NiIsInR5cCI6IkpXVCJ9.eyJyb2xlIjoidXNlciIsImlkIjoxLCJpZGVudGl0eSI6InRlc3RAdGVzdC5iaCIsImV4cCI6MTY1MDQ3MjA3NC4zNTcsImlwIjoiOjoxIiwidWEiOiJNb3ppbGxhLzUuMCAoV2luZG93cyBOVCAxMC4wOyBXaW42NDsgeDY0KSBBcHBsZVdlYktpdC81MzcuMzYgKEtIVE1MLCBsaWtlIEdlY2tvKSBDaHJvbWUvOTkuMC40ODQ0Ljc0IFNhZmFyaS81MzcuMzYiLCJpYXQiOjE2NDc3OTM2NzR9.KcFWOo4VUhQg5CtLI35NI9JK3u2pPlJWws4F7eN_mZQ', '2022-04-20 16:27:54', 1),
	(112, 1, '2022-03-20 17:29:10', 'eyJhbGciOiJIUzI1NiIsInR5cCI6IkpXVCJ9.eyJyb2xlIjoidXNlciIsImlkIjoxLCJpZGVudGl0eSI6InRlc3RAdGVzdC5iaCIsImV4cCI6MTY1MDQ3MjE1MC43MjksImlwIjoiOjoxIiwidWEiOiJQb3N0bWFuUnVudGltZS83LjI5LjAiLCJpYXQiOjE2NDc3OTM3NTB9.KPzogayncDsH1nGfuYPUZ5UNOVjt8l8wYn-CNOJsxpU', '2022-04-20 16:29:10', 1),
	(113, 1, '2022-03-20 17:30:44', 'eyJhbGciOiJIUzI1NiIsInR5cCI6IkpXVCJ9.eyJyb2xlIjoidXNlciIsImlkIjoxLCJpZGVudGl0eSI6InRlc3RAdGVzdC5iaCIsImV4cCI6MTY1MDQ3MjI0NC4wNTgsImlwIjoiOjoxIiwidWEiOiJNb3ppbGxhLzUuMCAoV2luZG93cyBOVCAxMC4wOyBXaW42NDsgeDY0KSBBcHBsZVdlYktpdC81MzcuMzYgKEtIVE1MLCBsaWtlIEdlY2tvKSBDaHJvbWUvOTkuMC40ODQ0Ljc0IFNhZmFyaS81MzcuMzYiLCJpYXQiOjE2NDc3OTM4NDR9.jblDAKDVP5sgrEc9LAOd1zYvdK6YzKNa_ldW-zITcVs', '2022-04-20 16:30:44', 1),
	(114, 1, '2022-03-20 17:30:58', 'eyJhbGciOiJIUzI1NiIsInR5cCI6IkpXVCJ9.eyJyb2xlIjoidXNlciIsImlkIjoxLCJpZGVudGl0eSI6InRlc3RAdGVzdC5iaCIsImV4cCI6MTY1MDQ3MjI1OC4xNTMsImlwIjoiOjoxIiwidWEiOiJQb3N0bWFuUnVudGltZS83LjI5LjAiLCJpYXQiOjE2NDc3OTM4NTh9.V0fwMI1C9UZ0e2rpjj4RO_Yi2pTpjPFjuw6PWB5pdvY', '2022-04-20 16:30:58', 1),
	(115, 1, '2022-03-20 17:31:09', 'eyJhbGciOiJIUzI1NiIsInR5cCI6IkpXVCJ9.eyJyb2xlIjoidXNlciIsImlkIjoxLCJpZGVudGl0eSI6InRlc3RAdGVzdC5iaCIsImV4cCI6MTY1MDQ3MjI2OS40NjUsImlwIjoiOjoxIiwidWEiOiJNb3ppbGxhLzUuMCAoV2luZG93cyBOVCAxMC4wOyBXaW42NDsgeDY0KSBBcHBsZVdlYktpdC81MzcuMzYgKEtIVE1MLCBsaWtlIEdlY2tvKSBDaHJvbWUvOTkuMC40ODQ0Ljc0IFNhZmFyaS81MzcuMzYiLCJpYXQiOjE2NDc3OTM4Njl9.ixlVQezWdYaSqicR-iXOcfycA8zNwf4q11y2ac8BBJA', '2022-04-20 16:31:09', 1),
	(116, 1, '2022-03-20 17:32:08', 'eyJhbGciOiJIUzI1NiIsInR5cCI6IkpXVCJ9.eyJyb2xlIjoidXNlciIsImlkIjoxLCJpZGVudGl0eSI6InRlc3RAdGVzdC5iaCIsImV4cCI6MTY1MDQ3MjMyOC4zMDgsImlwIjoiOjoxIiwidWEiOiJNb3ppbGxhLzUuMCAoV2luZG93cyBOVCAxMC4wOyBXaW42NDsgeDY0KSBBcHBsZVdlYktpdC81MzcuMzYgKEtIVE1MLCBsaWtlIEdlY2tvKSBDaHJvbWUvOTkuMC40ODQ0Ljc0IFNhZmFyaS81MzcuMzYiLCJpYXQiOjE2NDc3OTM5Mjh9.F_YD0nN7UJU-Ue2G92pQjmGQjJX64EfStppE9g5gZMc', '2022-04-20 16:32:08', 1),
	(117, 1, '2022-03-20 17:32:43', 'eyJhbGciOiJIUzI1NiIsInR5cCI6IkpXVCJ9.eyJyb2xlIjoidXNlciIsImlkIjoxLCJpZGVudGl0eSI6InRlc3RAdGVzdC5iaCIsImV4cCI6MTY1MDQ3MjM2My4xNDIsImlwIjoiOjoxIiwidWEiOiJQb3N0bWFuUnVudGltZS83LjI5LjAiLCJpYXQiOjE2NDc3OTM5NjN9.ha5XUVTJwpnOoSXRi32_Y0uzzt7hQkZlkPqIHzJtSzI', '2022-04-20 16:32:43', 1),
	(118, 1, '2022-03-20 17:33:15', 'eyJhbGciOiJIUzI1NiIsInR5cCI6IkpXVCJ9.eyJyb2xlIjoidXNlciIsImlkIjoxLCJpZGVudGl0eSI6InRlc3RAdGVzdC5iaCIsImV4cCI6MTY1MDQ3MjM5NS4yNzcsImlwIjoiOjoxIiwidWEiOiJNb3ppbGxhLzUuMCAoV2luZG93cyBOVCAxMC4wOyBXaW42NDsgeDY0KSBBcHBsZVdlYktpdC81MzcuMzYgKEtIVE1MLCBsaWtlIEdlY2tvKSBDaHJvbWUvOTkuMC40ODQ0Ljc0IFNhZmFyaS81MzcuMzYiLCJpYXQiOjE2NDc3OTM5OTV9.t8DlNHzG6FziHr8jktDJMhYubOKg8Go5y6EAiJPl--s', '2022-04-20 16:33:15', 1),
	(119, 1, '2022-03-20 17:37:07', 'eyJhbGciOiJIUzI1NiIsInR5cCI6IkpXVCJ9.eyJyb2xlIjoidXNlciIsImlkIjoxLCJpZGVudGl0eSI6InRlc3RAdGVzdC5iaCIsImV4cCI6MTY1MDQ3MjYyNy4zNDUsImlwIjoiOjoxIiwidWEiOiJNb3ppbGxhLzUuMCAoV2luZG93cyBOVCAxMC4wOyBXaW42NDsgeDY0KSBBcHBsZVdlYktpdC81MzcuMzYgKEtIVE1MLCBsaWtlIEdlY2tvKSBDaHJvbWUvOTkuMC40ODQ0Ljc0IFNhZmFyaS81MzcuMzYiLCJpYXQiOjE2NDc3OTQyMjd9.aYqXm3zPEkbs-nNIPCu0DInDs6vIq5J2twHtZrC5wKQ', '2022-04-20 16:37:07', 1),
	(120, 1, '2022-03-20 17:37:38', 'eyJhbGciOiJIUzI1NiIsInR5cCI6IkpXVCJ9.eyJyb2xlIjoidXNlciIsImlkIjoxLCJpZGVudGl0eSI6InRlc3RAdGVzdC5iaCIsImV4cCI6MTY1MDQ3MjY1OC40NTUsImlwIjoiOjoxIiwidWEiOiJQb3N0bWFuUnVudGltZS83LjI5LjAiLCJpYXQiOjE2NDc3OTQyNTh9.FpB4XM2UUcVK3iLhKg3T15uDDsjKmIXHf2up9P-Ou1U', '2022-04-20 16:37:38', 1),
	(121, 1, '2022-03-20 17:38:29', 'eyJhbGciOiJIUzI1NiIsInR5cCI6IkpXVCJ9.eyJyb2xlIjoidXNlciIsImlkIjoxLCJpZGVudGl0eSI6InRlc3RAdGVzdC5iaCIsImV4cCI6MTY1MDQ3MjcwOS4xMTQsImlwIjoiOjoxIiwidWEiOiJNb3ppbGxhLzUuMCAoV2luZG93cyBOVCAxMC4wOyBXaW42NDsgeDY0KSBBcHBsZVdlYktpdC81MzcuMzYgKEtIVE1MLCBsaWtlIEdlY2tvKSBDaHJvbWUvOTkuMC40ODQ0Ljc0IFNhZmFyaS81MzcuMzYiLCJpYXQiOjE2NDc3OTQzMDl9.VM7xC4Y1RHY1V9vMRk2t6g9yjtNSnJYdLJCTT5gnxPs', '2022-04-20 16:38:29', 1),
	(122, 1, '2022-03-20 17:38:38', 'eyJhbGciOiJIUzI1NiIsInR5cCI6IkpXVCJ9.eyJyb2xlIjoidXNlciIsImlkIjoxLCJpZGVudGl0eSI6InRlc3RAdGVzdC5iaCIsImV4cCI6MTY1MDQ3MjcxOC40NjksImlwIjoiOjoxIiwidWEiOiJNb3ppbGxhLzUuMCAoV2luZG93cyBOVCAxMC4wOyBXaW42NDsgeDY0KSBBcHBsZVdlYktpdC81MzcuMzYgKEtIVE1MLCBsaWtlIEdlY2tvKSBDaHJvbWUvOTkuMC40ODQ0Ljc0IFNhZmFyaS81MzcuMzYiLCJpYXQiOjE2NDc3OTQzMTh9.jMOad9aKF4hiM40SZiSxh8coFRlR3S1a8YXOPoYYnqY', '2022-04-20 16:38:38', 1),
	(123, 1, '2022-03-20 17:40:15', 'eyJhbGciOiJIUzI1NiIsInR5cCI6IkpXVCJ9.eyJyb2xlIjoidXNlciIsImlkIjoxLCJpZGVudGl0eSI6InRlc3RAdGVzdC5iaCIsImV4cCI6MTY1MDQ3MjgxNS44NDksImlwIjoiOjoxIiwidWEiOiJNb3ppbGxhLzUuMCAoV2luZG93cyBOVCAxMC4wOyBXaW42NDsgeDY0KSBBcHBsZVdlYktpdC81MzcuMzYgKEtIVE1MLCBsaWtlIEdlY2tvKSBDaHJvbWUvOTkuMC40ODQ0Ljc0IFNhZmFyaS81MzcuMzYiLCJpYXQiOjE2NDc3OTQ0MTV9.9Q8Rdx_VVHUI2ouBhSZOFNnKil0AkfCcYzf9QI0CVt8', '2022-04-20 16:40:15', 1),
	(124, 1, '2022-03-20 17:40:32', 'eyJhbGciOiJIUzI1NiIsInR5cCI6IkpXVCJ9.eyJyb2xlIjoidXNlciIsImlkIjoxLCJpZGVudGl0eSI6InRlc3RAdGVzdC5iaCIsImV4cCI6MTY1MDQ3MjgzMi44ODcsImlwIjoiOjoxIiwidWEiOiJQb3N0bWFuUnVudGltZS83LjI5LjAiLCJpYXQiOjE2NDc3OTQ0MzJ9.FxSvggw_e4DExwvFrakjB4CBnZSIjabKAD-5_M7XEXw', '2022-04-20 16:40:32', 1),
	(125, 1, '2022-03-20 17:45:37', 'eyJhbGciOiJIUzI1NiIsInR5cCI6IkpXVCJ9.eyJyb2xlIjoidXNlciIsImlkIjoxLCJpZGVudGl0eSI6InRlc3RAdGVzdC5iaCIsImV4cCI6MTY1MDQ3MzEzNy40NTMsImlwIjoiOjoxIiwidWEiOiJNb3ppbGxhLzUuMCAoV2luZG93cyBOVCAxMC4wOyBXaW42NDsgeDY0KSBBcHBsZVdlYktpdC81MzcuMzYgKEtIVE1MLCBsaWtlIEdlY2tvKSBDaHJvbWUvOTkuMC40ODQ0Ljc0IFNhZmFyaS81MzcuMzYiLCJpYXQiOjE2NDc3OTQ3Mzd9.JG5uv_zJq8o_xFij_MDnUmsuPUlaC25csQUcIknAFQM', '2022-04-20 16:45:37', 1),
	(126, 1, '2022-03-20 17:49:48', 'eyJhbGciOiJIUzI1NiIsInR5cCI6IkpXVCJ9.eyJyb2xlIjoidXNlciIsImlkIjoxLCJpZGVudGl0eSI6InRlc3RAdGVzdC5iaCIsImV4cCI6MTY1MDQ3MzM4OC42NDEsImlwIjoiOjoxIiwidWEiOiJNb3ppbGxhLzUuMCAoV2luZG93cyBOVCAxMC4wOyBXaW42NDsgeDY0KSBBcHBsZVdlYktpdC81MzcuMzYgKEtIVE1MLCBsaWtlIEdlY2tvKSBDaHJvbWUvOTkuMC40ODQ0Ljc0IFNhZmFyaS81MzcuMzYiLCJpYXQiOjE2NDc3OTQ5ODh9.TJWHOab2sVWwF6-qUIER-YxvR6qpwCsAQlpXgIIseWE', '2022-04-20 16:49:48', 1),
	(127, 1, '2022-03-20 17:53:11', 'eyJhbGciOiJIUzI1NiIsInR5cCI6IkpXVCJ9.eyJyb2xlIjoidXNlciIsImlkIjoxLCJpZGVudGl0eSI6InRlc3RAdGVzdC5iaCIsImV4cCI6MTY1MDQ3MzU5MS44MzksImlwIjoiOjoxIiwidWEiOiJNb3ppbGxhLzUuMCAoV2luZG93cyBOVCAxMC4wOyBXaW42NDsgeDY0KSBBcHBsZVdlYktpdC81MzcuMzYgKEtIVE1MLCBsaWtlIEdlY2tvKSBDaHJvbWUvOTkuMC40ODQ0Ljc0IFNhZmFyaS81MzcuMzYiLCJpYXQiOjE2NDc3OTUxOTF9.a3CeIi5ciFC_IIIHxhLJmBEW5mECtPh18Rd48eZxrsc', '2022-04-20 16:53:11', 1),
	(128, 1, '2022-03-20 17:56:24', 'eyJhbGciOiJIUzI1NiIsInR5cCI6IkpXVCJ9.eyJyb2xlIjoidXNlciIsImlkIjoxLCJpZGVudGl0eSI6InRlc3RAdGVzdC5iaCIsImV4cCI6MTY1MDQ3Mzc4NC4wOTMsImlwIjoiOjoxIiwidWEiOiJNb3ppbGxhLzUuMCAoV2luZG93cyBOVCAxMC4wOyBXaW42NDsgeDY0KSBBcHBsZVdlYktpdC81MzcuMzYgKEtIVE1MLCBsaWtlIEdlY2tvKSBDaHJvbWUvOTkuMC40ODQ0Ljc0IFNhZmFyaS81MzcuMzYiLCJpYXQiOjE2NDc3OTUzODR9.47UDVMbzXPTAF6Ku_0B7ooF_80CMbkuVeAhoeUOe364', '2022-04-20 16:56:24', 1),
	(129, 1, '2022-03-20 17:58:33', 'eyJhbGciOiJIUzI1NiIsInR5cCI6IkpXVCJ9.eyJyb2xlIjoidXNlciIsImlkIjoxLCJpZGVudGl0eSI6InRlc3RAdGVzdC5iaCIsImV4cCI6MTY1MDQ3MzkxMy42MDksImlwIjoiOjoxIiwidWEiOiJNb3ppbGxhLzUuMCAoV2luZG93cyBOVCAxMC4wOyBXaW42NDsgeDY0KSBBcHBsZVdlYktpdC81MzcuMzYgKEtIVE1MLCBsaWtlIEdlY2tvKSBDaHJvbWUvOTkuMC40ODQ0Ljc0IFNhZmFyaS81MzcuMzYiLCJpYXQiOjE2NDc3OTU1MTN9.PLltgxrtWYs6AsmyB8QcVaie54vMqfDA953PUmqyagY', '2022-04-20 16:58:33', 1),
	(130, 1, '2022-03-20 18:00:05', 'eyJhbGciOiJIUzI1NiIsInR5cCI6IkpXVCJ9.eyJyb2xlIjoidXNlciIsImlkIjoxLCJpZGVudGl0eSI6InRlc3RAdGVzdC5iaCIsImV4cCI6MTY1MDQ3NDAwNS4zODIsImlwIjoiOjoxIiwidWEiOiJNb3ppbGxhLzUuMCAoV2luZG93cyBOVCAxMC4wOyBXaW42NDsgeDY0KSBBcHBsZVdlYktpdC81MzcuMzYgKEtIVE1MLCBsaWtlIEdlY2tvKSBDaHJvbWUvOTkuMC40ODQ0Ljc0IFNhZmFyaS81MzcuMzYiLCJpYXQiOjE2NDc3OTU2MDV9.QN2axhbLLSW1zybGuP2pV81j8bw2-gOHMb0iIePhen8', '2022-04-20 17:00:05', 1),
	(131, 1, '2022-03-20 18:01:36', 'eyJhbGciOiJIUzI1NiIsInR5cCI6IkpXVCJ9.eyJyb2xlIjoidXNlciIsImlkIjoxLCJpZGVudGl0eSI6InRlc3RAdGVzdC5iaCIsImV4cCI6MTY1MDQ3NDA5Ni4zODcsImlwIjoiOjoxIiwidWEiOiJNb3ppbGxhLzUuMCAoV2luZG93cyBOVCAxMC4wOyBXaW42NDsgeDY0KSBBcHBsZVdlYktpdC81MzcuMzYgKEtIVE1MLCBsaWtlIEdlY2tvKSBDaHJvbWUvOTkuMC40ODQ0Ljc0IFNhZmFyaS81MzcuMzYiLCJpYXQiOjE2NDc3OTU2OTZ9.313A0eOfat1fh3_EQtkYHBMttdkUOGrBNOGTQmzLY5g', '2022-04-20 17:01:36', 1),
	(132, 1, '2022-03-20 18:03:40', 'eyJhbGciOiJIUzI1NiIsInR5cCI6IkpXVCJ9.eyJyb2xlIjoidXNlciIsImlkIjoxLCJpZGVudGl0eSI6InRlc3RAdGVzdC5iaCIsImV4cCI6MTY1MDQ3NDIyMC43MSwiaXAiOiI6OjEiLCJ1YSI6Ik1vemlsbGEvNS4wIChXaW5kb3dzIE5UIDEwLjA7IFdpbjY0OyB4NjQpIEFwcGxlV2ViS2l0LzUzNy4zNiAoS0hUTUwsIGxpa2UgR2Vja28pIENocm9tZS85OS4wLjQ4NDQuNzQgU2FmYXJpLzUzNy4zNiIsImlhdCI6MTY0Nzc5NTgyMH0.1HB7BjobG28wHf66Q0atYwkAfE-NzsEGFHnBIOY_81M', '2022-04-20 17:03:40', 1),
	(133, 1, '2022-03-20 18:07:26', 'eyJhbGciOiJIUzI1NiIsInR5cCI6IkpXVCJ9.eyJyb2xlIjoidXNlciIsImlkIjoxLCJpZGVudGl0eSI6InRlc3RAdGVzdC5iaCIsImV4cCI6MTY1MDQ3NDQ0Ni45NywiaXAiOiI6OjEiLCJ1YSI6Ik1vemlsbGEvNS4wIChXaW5kb3dzIE5UIDEwLjA7IFdpbjY0OyB4NjQpIEFwcGxlV2ViS2l0LzUzNy4zNiAoS0hUTUwsIGxpa2UgR2Vja28pIENocm9tZS85OS4wLjQ4NDQuNzQgU2FmYXJpLzUzNy4zNiIsImlhdCI6MTY0Nzc5NjA0Nn0.o1KBb3y_rknqOivp6tvbCI3HV7VjNeT_i69XXhxIErE', '2022-04-20 17:07:26', 1),
	(134, 1, '2022-03-20 18:16:40', 'eyJhbGciOiJIUzI1NiIsInR5cCI6IkpXVCJ9.eyJyb2xlIjoidXNlciIsImlkIjoxLCJpZGVudGl0eSI6InRlc3RAdGVzdC5iaCIsImV4cCI6MTY1MDQ3NTAwMC4wMzEsImlwIjoiOjoxIiwidWEiOiJNb3ppbGxhLzUuMCAoV2luZG93cyBOVCAxMC4wOyBXaW42NDsgeDY0KSBBcHBsZVdlYktpdC81MzcuMzYgKEtIVE1MLCBsaWtlIEdlY2tvKSBDaHJvbWUvOTkuMC40ODQ0Ljc0IFNhZmFyaS81MzcuMzYiLCJpYXQiOjE2NDc3OTY2MDB9.52Hr98ph0Oda7fA_4nWVsepT4C3fu7W3u80MT0T9dZ4', '2022-04-20 17:16:40', 1),
	(135, 1, '2022-03-20 18:17:53', 'eyJhbGciOiJIUzI1NiIsInR5cCI6IkpXVCJ9.eyJyb2xlIjoidXNlciIsImlkIjoxLCJpZGVudGl0eSI6InRlc3RAdGVzdC5iaCIsImV4cCI6MTY1MDQ3NTA3My4zMjcsImlwIjoiOjoxIiwidWEiOiJNb3ppbGxhLzUuMCAoV2luZG93cyBOVCAxMC4wOyBXaW42NDsgeDY0KSBBcHBsZVdlYktpdC81MzcuMzYgKEtIVE1MLCBsaWtlIEdlY2tvKSBDaHJvbWUvOTkuMC40ODQ0Ljc0IFNhZmFyaS81MzcuMzYiLCJpYXQiOjE2NDc3OTY2NzN9.8n79yZ_ZvRDefMao0VtHK5G3d3nXM71MgtWUypQ1-zc', '2022-04-20 17:17:53', 1),
	(136, 1, '2022-03-21 17:39:13', 'eyJhbGciOiJIUzI1NiIsInR5cCI6IkpXVCJ9.eyJyb2xlIjoidXNlciIsImlkIjoxLCJpZGVudGl0eSI6InRlc3RAdGVzdC5iaCIsImV4cCI6MTY1MDU1OTE1My4yMzksImlwIjoiOjoxIiwidWEiOiJNb3ppbGxhLzUuMCAoV2luZG93cyBOVCAxMC4wOyBXaW42NDsgeDY0KSBBcHBsZVdlYktpdC81MzcuMzYgKEtIVE1MLCBsaWtlIEdlY2tvKSBDaHJvbWUvOTkuMC40ODQ0Ljc0IFNhZmFyaS81MzcuMzYiLCJpYXQiOjE2NDc4ODA3NTN9.BwgASlPGOmApd21j4shWyM3qzo32AXdFSvRxs9U22gU', '2022-04-21 16:39:13', 1),
	(137, 1, '2022-03-21 17:40:26', 'eyJhbGciOiJIUzI1NiIsInR5cCI6IkpXVCJ9.eyJyb2xlIjoidXNlciIsImlkIjoxLCJpZGVudGl0eSI6InRlc3RAdGVzdC5iaCIsImV4cCI6MTY1MDU1OTIyNi40ODcsImlwIjoiOjoxIiwidWEiOiJNb3ppbGxhLzUuMCAoV2luZG93cyBOVCAxMC4wOyBXaW42NDsgeDY0KSBBcHBsZVdlYktpdC81MzcuMzYgKEtIVE1MLCBsaWtlIEdlY2tvKSBDaHJvbWUvOTkuMC40ODQ0Ljc0IFNhZmFyaS81MzcuMzYiLCJpYXQiOjE2NDc4ODA4MjZ9.kTDsDN6nSNxx-SO9oonXqz64Ci0_l0aHm6b-PwU7pAM', '2022-04-21 16:40:26', 1),
	(138, 1, '2022-03-21 17:42:01', 'eyJhbGciOiJIUzI1NiIsInR5cCI6IkpXVCJ9.eyJyb2xlIjoidXNlciIsImlkIjoxLCJpZGVudGl0eSI6InRlc3RAdGVzdC5iaCIsImV4cCI6MTY1MDU1OTMyMS4xOTcsImlwIjoiOjoxIiwidWEiOiJNb3ppbGxhLzUuMCAoV2luZG93cyBOVCAxMC4wOyBXaW42NDsgeDY0KSBBcHBsZVdlYktpdC81MzcuMzYgKEtIVE1MLCBsaWtlIEdlY2tvKSBDaHJvbWUvOTkuMC40ODQ0Ljc0IFNhZmFyaS81MzcuMzYiLCJpYXQiOjE2NDc4ODA5MjF9.cE9xAp3Gbw7DujG4NPAucfTcQYDCMalOXs7_GUmQXhY', '2022-04-21 16:42:01', 1),
	(139, 1, '2022-03-21 17:43:38', 'eyJhbGciOiJIUzI1NiIsInR5cCI6IkpXVCJ9.eyJyb2xlIjoidXNlciIsImlkIjoxLCJpZGVudGl0eSI6InRlc3RAdGVzdC5iaCIsImV4cCI6MTY1MDU1OTQxOC4wMTUsImlwIjoiOjoxIiwidWEiOiJNb3ppbGxhLzUuMCAoV2luZG93cyBOVCAxMC4wOyBXaW42NDsgeDY0KSBBcHBsZVdlYktpdC81MzcuMzYgKEtIVE1MLCBsaWtlIEdlY2tvKSBDaHJvbWUvOTkuMC40ODQ0Ljc0IFNhZmFyaS81MzcuMzYiLCJpYXQiOjE2NDc4ODEwMTh9._3aXbW2ICwdopkbQQyoV7sNnEILuJpUblFML59dMGaY', '2022-04-21 16:43:38', 1),
	(140, 1, '2022-03-21 17:45:09', 'eyJhbGciOiJIUzI1NiIsInR5cCI6IkpXVCJ9.eyJyb2xlIjoidXNlciIsImlkIjoxLCJpZGVudGl0eSI6InRlc3RAdGVzdC5iaCIsImV4cCI6MTY1MDU1OTUwOS4xLCJpcCI6Ijo6MSIsInVhIjoiTW96aWxsYS81LjAgKFdpbmRvd3MgTlQgMTAuMDsgV2luNjQ7IHg2NCkgQXBwbGVXZWJLaXQvNTM3LjM2IChLSFRNTCwgbGlrZSBHZWNrbykgQ2hyb21lLzk5LjAuNDg0NC43NCBTYWZhcmkvNTM3LjM2IiwiaWF0IjoxNjQ3ODgxMTA5fQ._O3RJGbC_k9CQQBfelGWsEHbFwyu-TT4h2yCOJ0pX8A', '2022-04-21 16:45:09', 1),
	(141, 1, '2022-03-21 17:51:05', 'eyJhbGciOiJIUzI1NiIsInR5cCI6IkpXVCJ9.eyJyb2xlIjoidXNlciIsImlkIjoxLCJpZGVudGl0eSI6InRlc3RAdGVzdC5iaCIsImV4cCI6MTY1MDU1OTg2NS45NDcsImlwIjoiOjoxIiwidWEiOiJNb3ppbGxhLzUuMCAoV2luZG93cyBOVCAxMC4wOyBXaW42NDsgeDY0KSBBcHBsZVdlYktpdC81MzcuMzYgKEtIVE1MLCBsaWtlIEdlY2tvKSBDaHJvbWUvOTkuMC40ODQ0Ljc0IFNhZmFyaS81MzcuMzYiLCJpYXQiOjE2NDc4ODE0NjV9.aGfGG5eoGPieYuLbWxkMONSY1aRX6zUnu4LzrM3iFvg', '2022-04-21 16:51:05', 1),
	(142, 1, '2022-03-21 17:52:27', 'eyJhbGciOiJIUzI1NiIsInR5cCI6IkpXVCJ9.eyJyb2xlIjoidXNlciIsImlkIjoxLCJpZGVudGl0eSI6InRlc3RAdGVzdC5iaCIsImV4cCI6MTY1MDU1OTk0Ny45MTQsImlwIjoiOjoxIiwidWEiOiJNb3ppbGxhLzUuMCAoV2luZG93cyBOVCAxMC4wOyBXaW42NDsgeDY0KSBBcHBsZVdlYktpdC81MzcuMzYgKEtIVE1MLCBsaWtlIEdlY2tvKSBDaHJvbWUvOTkuMC40ODQ0Ljc0IFNhZmFyaS81MzcuMzYiLCJpYXQiOjE2NDc4ODE1NDd9.cl96clX_gLxmJErxe_behQ5Wjj5eIq7UmMuFgi1Sg0I', '2022-04-21 16:52:27', 1),
	(143, 1, '2022-03-21 17:58:51', 'eyJhbGciOiJIUzI1NiIsInR5cCI6IkpXVCJ9.eyJyb2xlIjoidXNlciIsImlkIjoxLCJpZGVudGl0eSI6InRlc3RAdGVzdC5iaCIsImV4cCI6MTY1MDU2MDMzMS42OTgsImlwIjoiOjoxIiwidWEiOiJNb3ppbGxhLzUuMCAoV2luZG93cyBOVCAxMC4wOyBXaW42NDsgeDY0KSBBcHBsZVdlYktpdC81MzcuMzYgKEtIVE1MLCBsaWtlIEdlY2tvKSBDaHJvbWUvOTkuMC40ODQ0Ljc0IFNhZmFyaS81MzcuMzYiLCJpYXQiOjE2NDc4ODE5MzF9.SNUJsB_g0iQFNV8wjVufjHZujnI_B5dMjx36gpkWRC4', '2022-04-21 16:58:51', 1),
	(144, 1, '2022-03-21 18:08:19', 'eyJhbGciOiJIUzI1NiIsInR5cCI6IkpXVCJ9.eyJyb2xlIjoidXNlciIsImlkIjoxLCJpZGVudGl0eSI6InRlc3RAdGVzdC5iaCIsImV4cCI6MTY1MDU2MDg5OS42OSwiaXAiOiI6OjEiLCJ1YSI6Ik1vemlsbGEvNS4wIChXaW5kb3dzIE5UIDEwLjA7IFdpbjY0OyB4NjQpIEFwcGxlV2ViS2l0LzUzNy4zNiAoS0hUTUwsIGxpa2UgR2Vja28pIENocm9tZS85OS4wLjQ4NDQuNzQgU2FmYXJpLzUzNy4zNiIsImlhdCI6MTY0Nzg4MjQ5OX0.yz4dFPv9w2UjOEMx-jic_-BxAnbd9TINdPCpaRN-gWo', '2022-04-21 17:08:19', 1),
	(145, 1, '2022-03-21 18:09:32', 'eyJhbGciOiJIUzI1NiIsInR5cCI6IkpXVCJ9.eyJyb2xlIjoidXNlciIsImlkIjoxLCJpZGVudGl0eSI6InRlc3RAdGVzdC5iaCIsImV4cCI6MTY1MDU2MDk3Mi41ODEsImlwIjoiOjoxIiwidWEiOiJNb3ppbGxhLzUuMCAoV2luZG93cyBOVCAxMC4wOyBXaW42NDsgeDY0KSBBcHBsZVdlYktpdC81MzcuMzYgKEtIVE1MLCBsaWtlIEdlY2tvKSBDaHJvbWUvOTkuMC40ODQ0Ljc0IFNhZmFyaS81MzcuMzYiLCJpYXQiOjE2NDc4ODI1NzJ9.7uQQoqdxh-r6arRQgtj8sXIyJWul0du3XoFzKm9pyWY', '2022-04-21 17:09:32', 1),
	(146, 1, '2022-03-21 18:13:00', 'eyJhbGciOiJIUzI1NiIsInR5cCI6IkpXVCJ9.eyJyb2xlIjoidXNlciIsImlkIjoxLCJpZGVudGl0eSI6InRlc3RAdGVzdC5iaCIsImV4cCI6MTY1MDU2MTE4MC41NywiaXAiOiI6OjEiLCJ1YSI6Ik1vemlsbGEvNS4wIChXaW5kb3dzIE5UIDEwLjA7IFdpbjY0OyB4NjQpIEFwcGxlV2ViS2l0LzUzNy4zNiAoS0hUTUwsIGxpa2UgR2Vja28pIENocm9tZS85OS4wLjQ4NDQuNzQgU2FmYXJpLzUzNy4zNiIsImlhdCI6MTY0Nzg4Mjc4MH0.SOoxJ4swrx93S3K1mjnTjD1y2JAB0tG5B8j-Iypw52k', '2022-04-21 17:13:00', 1),
	(147, 1, '2022-03-21 18:26:05', 'eyJhbGciOiJIUzI1NiIsInR5cCI6IkpXVCJ9.eyJyb2xlIjoidXNlciIsImlkIjoxLCJpZGVudGl0eSI6InRlc3RAdGVzdC5iaCIsImV4cCI6MTY1MDU2MTk2NS44MywiaXAiOiI6OjEiLCJ1YSI6Ik1vemlsbGEvNS4wIChXaW5kb3dzIE5UIDEwLjA7IFdpbjY0OyB4NjQpIEFwcGxlV2ViS2l0LzUzNy4zNiAoS0hUTUwsIGxpa2UgR2Vja28pIENocm9tZS85OS4wLjQ4NDQuNzQgU2FmYXJpLzUzNy4zNiIsImlhdCI6MTY0Nzg4MzU2NX0.n7n_2JUr89VhBe_T1US1VcDcf5DXKk-xE0gsbY8hAO8', '2022-04-21 17:26:05', 1),
	(148, 1, '2022-03-21 18:27:09', 'eyJhbGciOiJIUzI1NiIsInR5cCI6IkpXVCJ9.eyJyb2xlIjoidXNlciIsImlkIjoxLCJpZGVudGl0eSI6InRlc3RAdGVzdC5iaCIsImV4cCI6MTY1MDU2MjAyOS4xMTQsImlwIjoiOjoxIiwidWEiOiJNb3ppbGxhLzUuMCAoV2luZG93cyBOVCAxMC4wOyBXaW42NDsgeDY0KSBBcHBsZVdlYktpdC81MzcuMzYgKEtIVE1MLCBsaWtlIEdlY2tvKSBDaHJvbWUvOTkuMC40ODQ0Ljc0IFNhZmFyaS81MzcuMzYiLCJpYXQiOjE2NDc4ODM2Mjl9.ZHMaXP22YvgeMoFR9VVOS6HvdSB8WZcEO2gAZfdkM-U', '2022-04-21 17:27:09', 1),
	(149, 1, '2022-03-21 18:30:19', 'eyJhbGciOiJIUzI1NiIsInR5cCI6IkpXVCJ9.eyJyb2xlIjoidXNlciIsImlkIjoxLCJpZGVudGl0eSI6InRlc3RAdGVzdC5iaCIsImV4cCI6MTY1MDU2MjIxOS40MDYsImlwIjoiOjoxIiwidWEiOiJNb3ppbGxhLzUuMCAoV2luZG93cyBOVCAxMC4wOyBXaW42NDsgeDY0KSBBcHBsZVdlYktpdC81MzcuMzYgKEtIVE1MLCBsaWtlIEdlY2tvKSBDaHJvbWUvOTkuMC40ODQ0Ljc0IFNhZmFyaS81MzcuMzYiLCJpYXQiOjE2NDc4ODM4MTl9.ZIv0QdkWXGJjTnt-HXPv6wu2TSiEUIz9X0OG5qjSr4c', '2022-04-21 17:30:19', 1),
	(150, 1, '2022-03-21 18:32:30', 'eyJhbGciOiJIUzI1NiIsInR5cCI6IkpXVCJ9.eyJyb2xlIjoidXNlciIsImlkIjoxLCJpZGVudGl0eSI6InRlc3RAdGVzdC5iaCIsImV4cCI6MTY1MDU2MjM1MC43MywiaXAiOiI6OjEiLCJ1YSI6Ik1vemlsbGEvNS4wIChXaW5kb3dzIE5UIDEwLjA7IFdpbjY0OyB4NjQpIEFwcGxlV2ViS2l0LzUzNy4zNiAoS0hUTUwsIGxpa2UgR2Vja28pIENocm9tZS85OS4wLjQ4NDQuNzQgU2FmYXJpLzUzNy4zNiIsImlhdCI6MTY0Nzg4Mzk1MH0.Jz0fcbDyujpxFFLrYC3sPf2GmaLgOosCcQRAE7nnyIE', '2022-04-21 17:32:30', 1),
	(151, 1, '2022-03-21 18:38:43', 'eyJhbGciOiJIUzI1NiIsInR5cCI6IkpXVCJ9.eyJyb2xlIjoidXNlciIsImlkIjoxLCJpZGVudGl0eSI6InRlc3RAdGVzdC5iaCIsImV4cCI6MTY1MDU2MjcyMy44OTIsImlwIjoiOjoxIiwidWEiOiJNb3ppbGxhLzUuMCAoV2luZG93cyBOVCAxMC4wOyBXaW42NDsgeDY0KSBBcHBsZVdlYktpdC81MzcuMzYgKEtIVE1MLCBsaWtlIEdlY2tvKSBDaHJvbWUvOTkuMC40ODQ0Ljc0IFNhZmFyaS81MzcuMzYiLCJpYXQiOjE2NDc4ODQzMjN9.0ZN8wzF6xWLNGSTSKHt77ZeJCnjsKEAXH5EikD888rU', '2022-04-21 17:38:43', 1),
	(152, 1, '2022-03-21 21:04:24', 'eyJhbGciOiJIUzI1NiIsInR5cCI6IkpXVCJ9.eyJyb2xlIjoidXNlciIsImlkIjoxLCJpZGVudGl0eSI6InRlc3RAdGVzdC5iaCIsImV4cCI6MTY1MDU3MTQ2NC4yOTIsImlwIjoiOjoxIiwidWEiOiJNb3ppbGxhLzUuMCAoV2luZG93cyBOVCAxMC4wOyBXaW42NDsgeDY0KSBBcHBsZVdlYktpdC81MzcuMzYgKEtIVE1MLCBsaWtlIEdlY2tvKSBDaHJvbWUvOTkuMC40ODQ0Ljc0IFNhZmFyaS81MzcuMzYiLCJpYXQiOjE2NDc4OTMwNjR9.R6Ia6l1H50x-BCSPBIDqAz_f7B5d9sbty-Vp9rAWmdA', '2022-04-21 20:04:24', 1);
/*!40000 ALTER TABLE `user_token` ENABLE KEYS */;

/*!40101 SET SQL_MODE=IFNULL(@OLD_SQL_MODE, '') */;
/*!40014 SET FOREIGN_KEY_CHECKS=IFNULL(@OLD_FOREIGN_KEY_CHECKS, 1) */;
/*!40101 SET CHARACTER_SET_CLIENT=@OLD_CHARACTER_SET_CLIENT */;
/*!40111 SET SQL_NOTES=IFNULL(@OLD_SQL_NOTES, 1) */;
